narrative_text,mapped_org,count
ARC of California to ensure planning and service provision for individuals with developmental disabilities follows California law,ARC OF CALIFORNIA,1
African American and Other Drug Council to encourage and develop reliable alcohol,African American and Other Drug Council,1
Air Transport Association of America to reinstate the partial exemption on fuel sold to air common carriers,Air Transport Association of America,1
"Alliance for Reparations, Reconciliation, and Truth (ARRT), a coalition of groups dedicated to promoting reparations and the findings of the Reparations Task Force","ALLIANCE FOR REPARATIONS, RECONCILIATION, AND TRUTH (ARRT)",1
Alliance of American Insurers (AAI) seeks two types of amendments in order,ALLIANCE OF AMERICAN INSURERS (AAI),1
Alliance of Professional Tattooists to establish a uniform body of law to promote safer body art practices and assist these small businesses by streamlining the patchwork of local regulations,Alliance of Professional Tattooists,1
Allied Fishing Groups (including 37 sport and commercial fishing organizations),Allied Fishing Groups,1
"American Bar Association (support in part, relating to disability status)",American Bar Association,1
American College of Obstetricians and Gynecologists District IX (ACOG) is the sponsor of this bill and,American College of Obstetricians and Gynecologists District IX (ACOG),2
"American Fair Credit Council (AFCC), a trade association of debt settlement companies",AMERICAN FAIR CREDIT COUNCIL (AFCC),1
"American Federation of State, County and Municipal Employees (AFSCME) is opposed to this bill and","American Federation of State, County and Municipal Employees (AFSCME)",2
"American Federation of State, County and Municipal Employees (AFSCME), seeks to extend these same due diligence protections to the trial courts","American Federation of State, County and Municipal Employees (AFSCME)",1
"American Federation of State, County and Municipal Employees (AFSCME), seeks to extend these same due diligence protections to the trial courts in a pilot program","American Federation of State, County and Municipal Employees (AFSCME)",1
American Institute of Chemical Engineers (expansion of industry exemption),American Institute of Chemical Engineers,1
American Redress Coalition of California Bay Area (ARCC Bay Area) one of the leading statewide organizations advocating reparations for the descendants of enslaved African Americans,American Redress Coalition of California Bay Area (ARCC Bay Area),1
American Resort Development Association and its related resort owner coalition,AMERICAN RESORT DEVELOPMENT ASSOCIATION,1
American Society for the Prevention of Cruelty to Animals and supported by several other animal advocacy organizations,AMERICAN SOCIETY FOR THE PREVENTION OF CRUELTY TO ANIMALS,1
"Amgen Corporation, the largest manufacturer of Interferon, the treatment of choice for Hepatitis C, states in support that",Amgen Corporation,1
"Appraisal Institute, an organization of licensed real estate appraisers",APPRAISAL INSTITUTE,4
Association of Areas on Aging to simplify and speed up state distribution of local assistance monies,CALIFORNIA ASSOCIATION OF AREA AGENCIES ON AGING,1
Association of Retail Travel Agents (including 27 member travel agencies),ASSOCIATION OF RETAIL TRAVEL AGENTS,1
"Attorney General (support in principal, still examining language in certain, mostly technical, provisions)",Attorney General,2
Automobile Enthusiasts of America (petition with 224 signatures of individuals),Automobile Enthusiasts of America,1
"Based upon the prior version of the bill, the California Motor Car Dealers Association",California Motor Car Dealers Association,1
Bay Area Open Space Council (represents 50 local government and nonprofit organizations),BAY AREA OPEN SPACE COUNCIL,1
Beauty and Barber Supply Institute (product manufacturers and distributors),Beauty and Barber Supply Institute,1
"Blockchain Advocacy Coalition, along with a number of industry stakeholders",Blockchain Advocacy Coalition,1
"Bowie, Arneson, Kadi, Wiles & Giannone (counsel to various school districts throughout the state)","Bowie, Arneson, Kadi, Wiles & Giannone",1
"C.A.U.S.E., California Union of Safety Employees (state agency peace officers)",California Union of Safety Employees,1
COIN within the Department of Insurance to make insurance companies eligible for the CDFI tax credit,COIN within the Department of Insurance,1
"CPHE - Citizens Preserving Honor in Education (a petition with 1,300 signatures)",CPHE - Citizens Preserving Honor in Education,1
California Airport Council to reduce the audit obligation for customer facility charges imposed by the airports on rental car customers,California Airport Council,1
California Alliance for Consumer Protection [to the bill as introduced],California Alliance for Consumer Protection,2
California Apartment Association (if statutory rather than constitutional),California Apartment Association,2
California Apple Commission to enhance CDFA's ability to protect the quality and integrity of the California apple industry,California Apple Commission,1
California Assembly of Student Councils (representing over 400 high schools statewide),California Assembly,2
"California Association for Area Agencies on Aging, the sponsor of the bill",CALIFORNIA ASSOCIATION OF AREA AGENCIES ON AGING,2
California Association for Licensed Professional Clinical Counselors to address barriers to licensure and practice,CALIFORNIA ASSOCIATION FOR LICENSED PROFESSIONAL CLINICAL COUNSELORS,1
California Association for Nurse Practitioners to update current law to reflect current furnishing practices of NPs under standardized procedures,CALIFORNIA ASSOCIATION FOR NURSE PRACTITIONERS,1
California Association of Alcohol and Drug Program Executives in a support position,CALIFORNIA ASSOCIATION OF ALCOHOL AND DRUG PROGRAM EXECUTIVES,1
California Association of Collectors who highlight the need for court efficiencies that the new jurisdictional limits will provide,CALIFORNIA ASSOCIATION OF COLLECTORS,1
California Association of Health Plans (Note: Amendments are forthcoming to take care of),California Association of Health Plans,2
California Association of Health Plans - the author's office indicate that this was,California Association of Health Plans,1
California Association of Licensed Repossessors in an effort to improve the operation of the Collection Agency Law,CALIFORNIA ASSOCIATION OF LICENSED REPOSSESSORS,1
California Attorneys for Criminal Justice (amendments may address these concerns),CALIFORNIA ATTORNEY'S FOR CRIMINAL JUSTICE,2
"California Attractions & Parks Association - (the main industry association for wave pool operators, water parks, and amusement parks)",California Attractions & Parks Association,1
California Bankers Association (Note this opposition was based on credit scoring provisions since deleted.),CALIFORNIA BANKERS ASSOCIATION,2
California Cancer Research Council (multi-year expenditure authority provisions only),California Cancer Research Council,1
California Chamber of Commerce (behalf of itself and 106 business/employer organizations),California Chamber of Commerce,1
California Coalition for Worker Power and supported by a large coalition of labor organizations and economic and social justice groups,California Coalition for Worker Power,1
"California Coalition for Youth, co-sponsor with four other youth organizations",CALIFORNIA COALITION FOR YOUTH,1
California Coalition of Law Enforcement Agencies to provide funding for the maintenance of the California Peace Officer Memorial in Sacramento,California Coalition of Law Enforcement Agencies,1
California Coalition of Nurse Practitioners to conform California law to a recent change in federal regulations,CALIFORNIA COALITION OF NURSE PRACTITIONERS,1
California Coalition of Travel Agents to improve the operation of California's Seller of Travel Law by easing disclosure requirements,California Coalition of Travel Agents,1
"California Coastal Coalition (a coalition including all of southern California's coastal counties, a number of cities, and various stakeholders)",CALIFORNIA COASTAL COALITION,1
California Coastal Commission (interim support pending Commission action),California Coastal Commission,1
California Coastkeeper Alliance (CCK) and a number of environmental organizations,CALIFORNIA COASTKEEPER ALLIANCE,1
California Collaboration for Youth (CCY) has taken an oppose unless amended position and,California Collaboration for Youth (CCY),1
California Commission on the Status of Women (supported last session's legislation),CALIFORNIA COMMISSION ON THE STATUS OF WOMEN,1
California Commission on the Status of Women to address a coverage inequity with regard to maternity care,CALIFORNIA COMMISSION ON THE STATUS OF WOMEN,1
California Council of Gerontology and Geriatrics to provide tuition reduction or waiver programs for medical students,California Council of Gerontology and Geriatrics,1
California Council of Land Trusts (represents over 65 land trusts state-wide),CALIFORNIA COUNCIL OF LAND TRUSTS,1
California Distillers Association and supported by another craft distillers association,California Distillers Association,1
California District Attorneys' Association (probation revocation provisions only),CALIFORNIA DISTRICT ATTORNEY'S ASSOCIATION,2
California Employment Development Department (favors removing sunset and conform to federal law),California Employment Development Department,1
California Federation of Labor Unions and supported by a number of labor organizations,California Federation of Labor Unions,1
California Federation of Teachers to provide equity between certificated and classified staff members,California Federation of Teachers,1
California Fraternal Order of Police and supported by various public safety officer associations,CALIFORNIA FRATERNAL ORDER OF POLICE,1
California Hepatitis Alliance to increase the likelihood of patients at risk of hepatitis infection being vaccinated against and educated about the disease,California Hepatitis Alliance,1
"California Independent Petroleum Association, in opposition to the bill",CALIFORNIA INDEPENDENT PETROLEUM ASSOCIATION,4
California Invasive Weed Awareness Coalition (whose members include the following),California Invasive Weed Awareness Coalition whose members,1
California Latino Child Development Association and State Department of Education (SDE) to address disparities in the availability of child care,California Latino Child Development Association,1
California Lottery Commission to make it more convenient to play Lottery games,California Lottery Commission,1
California Lyme Disease Association to ensure the Committee has the leadership necessary to continue to address the public health epidemic of Lyme disease,California Lyme Disease Association,1
California Manufacturers Association in order to codify existing FTB procedures regarding cash deposits,CALIFORNIA MANUFACTURERS ASSOCIATION,1
California Manufacturers Association to clarify the statute of limitations for filing a claim for credit or refund,CALIFORNIA MANUFACTURERS ASSOCIATION,1
California Manufacturers and Technology Association and supported by other business associations,CALIFORNIA MANUFACTURERS AND TECHNOLOGY ASSOCIATION,1
California Mental Health Directors Association and several organizations of private mental health providers,CALIFORNIA MENTAL HEALTH DIRECTORS ASSOCIATION,1
California Naturopathic Doctors Association and supported by numerous natural and integrative medicine groups,CALIFORNIA NATUROPATHIC DOCTORS ASSOCIATION,1
California New Car Dealers Association and supported by their fellow dealers,CALIFORNIA NEW CAR DEALERS ASSOCIATION,1
California Pan-Ethnic Health Network indicates providing targeted mental health,CALIFORNIA PAN-ETHNIC HEALTH NETWORK,1
California Paralyzed Veterans Association in order to provide local government with a funding source to implement the requirements of the federal ADA,CALIFORNIA PARALYZED VETERANS ASSOCIATION,1
"California Professional Firefighters, state council of the International",California Professional Firefighters,1
California Public Infrastructure Coalition (comprising developers and development financiers),California Public Infrastructure Coalition,1
California Rural Legal Assistance Foundation (CRLAF) is the sponsor of this measure and,California Rural Legal Assistance Foundation -CRLAF,1
California Society for Respiratory Care to clarify different levels of respiratory care provided to patients,CALIFORNIA SOCIETY FOR RESPIRATORY CARE,1
California State Board of Barbering and Cosmetology (Board) voted to take a,California State Board of Barbering and Cosmetology,1
California State Board of Optometry to allow licensed optometrists to bring vision services and testing into the home for homebound individuals,California State Board of Optometry,1
California State Commanders Council (consist of 20 veterans organizations),California State Commanders Council,1
California State Commanders Veterans Council (consist of seven veterans organizations),CALIFORNIA STATE COMMANDERS VETERANS COUNCIL,1
"California Tahoe Alliance, a partnership of local governments, special districts, and non-profit organizations in the Tahoe Basin",California Tahoe Alliance,1
California Trucking Association to address situations wherein shippers overload containers to be moved by train or ship,CALIFORNIA TRUCKING ASSOCIATION,1
California Union of Safety Employees (support of penalty increases only),California Union of Safety Employees,1
"California Urban Forest Council, among a group of other environmental organizations",California Urban Forest Council,1
California WIC Association to increase awareness of the benefits of breastfeeding in hopes,CALIFORNIA WIC ASSOCIATION,1
"California-Nevada Conference of Operating Engineers, sponsor of the bill",CALIFORNIA-NEVADA CONFERENCE OF OPERATING ENGINEERS,8
"California-Nevada Conference of Operating Engineers, sponsor of this measure",CALIFORNIA-NEVADA CONFERENCE OF OPERATING ENGINEERS,2
"Cannabis Distribution Association (CDA), in its oppose unless amended letter",Cannabis Distribution Association,1
"Children's Advocacy Institute at the University of San Diego School of Law, in support of the bill",Children's Advocacy Institute at the University of San Diego School of Law,2
"Children's Law Center of California (CLC), mirroring the views of many other supporters",Children's Law Center of California (CLC),2
Citizens for the Right to Know (Coalition comprised of 39 organizations),Citizens for the Right to Know,1
City Council and Commission on the Status of Women of the City of Glendale,City of Glendale,1
"City of Compton (Resolution rescinded by act of City Council on April 13, 2004)",City of Compton,1
City of Los Angeles (Mayor approved resolution by City Council to support ),"City of Los Angeles, Mayor",10
City of Stockton (provisions relating to the Buckley Cove launching facility only),CITY OF STOCKTON,1
City of West Sacramento in an effort to enable the city to raise additional general fund revenues,City of West Sacramento,1
"CivicWell, formerly known as the Local Government Commission, which facilitates ARCCA",CIVICWELL,1
Civil Justice Association of California and by associations of businesses,Civil Justice Association of California,1
"Coalition for Patient Centered Care (CPCC), a diverse, national group of healthcare industry stakeholders who oppose private equity's acquisition of and influence over independent physicians",Coalition for Patient Centered Care (CPCC),2
"Coalition of California Welfare Rights and Organizations, which write that lead is a severe neurotoxin that even in small doses can lower a child's IQ and cause behavior and learning disorders",Coalition of California Welfare Rights,1
Collaborative Council of the Redwood Empire (in support of Sections 1 & 2),Collaborative Council of the Redwood Empire,1
CommerceNet (representing 700 internet and e-commerce companies and organizations),"CommerceNet Consortium, Inc",1
Communities for California Cardrooms and supported by law enforcement organizations,Communities for California Cardrooms,1
Compassion & Choices (A national advocacy organization for the terminally ill.),Compassion & Choices,1
Computer Professionals for Social Responsibility (Volunteering technical assistance to enact this legislation),Computer Professionals for Social Responsibility,1
Connecting for Better Health and a nonprofit coalition promoting data exchange,Connecting for Better Health,1
"DCA, in opposition to this legislation, questions ""the severity of the issues regarding personal trainers, and the causal link",Department of Consumer Affairs,1
Department of Boating and Waterways (concurred in by the Administration),DEPARTMENT OF BOATING AND WATERWAYS,1
"Edward Gutentag, cinematographer & founder of Shootmoviesincalifornia.com",Shootmoviesincalifornia.com,1
Endangered Habitats League (EHL) and a number of conservation organizations,ENDANGERED HABITATS LEAGUE (EHL),1
Environmental Resource Council expressly to improve the efficiencies of the UST program and to reduce the burdens on the regulated community associated with the program,Environmental Resource Council,1
Environmental Safety and Toxic Materials Committee to provide authorization for DTSC to administer federal grant funds for a brownfield cleanup program,Environmental Safety and Toxic Materials Committee,1
"Environmental Water Caucus, a consortium of environmental and industry groups that includes",Environmental Water Caucus,1
Faculty and staff of the Department of Communicative: Disorders of the University of the Pacific,UNIVERSITY OF THE PACIFIC,1
"Fair Political Practices Commission (provisions relating to ""legislative deadline contributions"" only)",FAIR POLITICAL PRACTICES COMMISSION,1
Family Law Section of the State Bar of California (relevant sections only),Family Law Section of the State Bar of California,1
Federacion de Clubes Jaliscenses (a federation of 52 Jalisco hometown associations in California),Federacion de Clubes Jaliscenses,1
Foley & Berzek (law firm representing consumers in class action litigation),Foley & Berzek,1
Foley and Berzek (law firm representing consumers in class action litigation),Foley & Berzek,1
Franchise Tax Board (employee relief for unremitted withholding and offers in compromise),Franchise Tax Board,1
Friends Committee on Legislation (specifically regarding pilot projects and legislative intent language),Friends Committee on Legislation,2
Green California (includes 48 different statewide public health & environmental assocs.),GREEN CALIFORNIA,1
"Green Olive Restaurant (a single franchisee, not the parent company/franchisor)",Green Olive Restaurant,1
Health Trust of Silicon Valley to increase the use of a specified disease management strategy,Health Trust of Silicon Valley,1
Hoag Memorial Hospital Presbyterian (35 individuals associated with it),Hoag Memorial Hospital Presbyterian,1
IMPACT (Independently Merging Parent Associations of California - Together for deaf and hard of hearing children),IMPACT (Independently Merging Parent Associations of),1
INTERVAL RESEARCH (support for non-resident S Corporation group return provision),Interval Research Corporation,1
Independent Administrators Association (Third-party administrators of employee benefit plans),INDEPENDENT ADMINISTRATORS ASSOCIATION,1
Independent Administrators Association of California (employee benefit welfare plans),Independent Administrators Association of California,1
Indivisible CA: StateStrong a coalition of the following Indivisible groups:,INDIVISIBLE CA STATESTRONG,1
Institute for the Advancement of the American Legal System out of the University of Denver,Institute for the Advancement of the American Legal System,1
Insurance Agents and Brokers Legislative Council and an information service company,Insurance Agents and Brokers Legislative Council,1
"International Association of EMTs and Paramedics, co-sponsor of the bill",International Association of Emts and Paramedics,2
International Bodyguard Association (provisions relating to concealed weapons permit exemption),International Bodyguard Association,1
Japan Business Association (represents many of the groups listed below),Japan Business Association,1
Korean Drycleaners Association of Northern California (on its own behalf and on behalf of 108 businesses),Korean Drycleaners Association of Northern California,1
Korean Drycleaners-Laundry Association (on its own behalf and on behalf of 235 businesses),Korean Drycleaners-Laundry Association,1
Local Health Plans of California in an effort to identify methods of simplifying the complex aid codes,LOCAL HEALTH PLANS OF CALIFORNIA,1
Los Angeles Affiliate of the National Association of Counsel for Children to help ensure greater coordination of separate dependency proceedings involving siblings,Los Angeles Affiliate of the National Association of Counsel for Children,1
Los Angeles Worker Advocates Coalition and several individual worker advocate groups,LOS ANGELES WORKER ADVOCATES COALITION,1
Marin Council of Agencies (association of 1320 nonprofits in Marin County),Marin Council of Agencies,1
"Metropolitan Water District of Southern California, sponsor of this measure",METROPOLITAN WATER DISTRICT OF SOUTHERN CALIFORNIA,2
"Mexican American Legal Defense Fund (MALDEF), the nation's leading Latino legal civil rights organization",Mexican American Legal Defense Fund (MALDEF),1
"Money Services Round Table (TMSRT), a consortium of leading national non-bank money transmission companies",MONEY SERVICES ROUND TABLE,1
Napa Valley Vintners (representing over 300 wineries in the Napa region),Napa Valley Vintners,1
National Association of Settlement Purchasers to clarify several technical aspects of settlement transactions,National Association of Settlement Purchasers,1
National Union of American Physicians and Dentists as well as the American Federation of,Union of American Physicians and Dentists (UAPD),1
Office of Statewide Health Planning and Development to review the evaluate the effectiveness of the HPDAC,OFFICE OF STATEWIDE HEALTH PLANNING AND DEVELOPMENT,1
Office of the District Attorney of the City and the County of San Francisco,Office of the District Attorney,1
"Orange County Employees Association, seeks to extend these same due diligence protections to the trial courts",Orange County Employees Association,1
Organization from which support was received for current version of bill: California Catholic Conference of Bishops,CALIFORNIA CATHOLIC CONFERENCE,1
Palm Desert Area Chamber of Commerce (and separate letters from 13 member businesses and individuals),PALM DESERT AREA CHAMBER OF COMMERCE,1
Paul Gann's Citizens Committee reflect positions to the prior version of,Paul Gann's Citizens Committee,2
Personal Insurance Federation of California to increase the availability of information about CEA decisions released to the public,PERSONAL INSURANCE FEDERATION OF CALIFORNIA,1
"Pet Advocacy Network, a trade association representing retailers, companion animal suppliers, manufacturers, distributors, and other stakeholders",Pet Advocacy Network,2
Peter Law Group (on behalf of a former correctional officer and four current correctional officers),Peter Law Group,1
"Pillsbury, Madison & Sutro (on behalf of client financial institutions as indentured trustees)","Pillsbury, Madison & Sutro",1
"Pillsbury, Madison & Sutro, on behalf of client financial institutions as indentured","Pillsbury, Madison & Sutro",1
Placer County Board of Supervisors and supported by local government and transit associations,Placer County Board of Supervisors,1
"Provider Alliance to End Homelessness, which represents 70 organizations in Los Angeles that provide housing and services to people experiencing homelessness",Provider Alliance to End Homelessness,1
"Public Advocates Office, which is the independent consumer advocate at the PUC",Public Advocates Office,1
Regional Energy Management Assn. (consists of approx. 180 public schools),Regional Energy Management Association,1
Resource Protection Associates (provisions relating to concealed weapons permit exemption),Resource Protection Associates,1
"Resources Conservation and Development Commission (CEC), in consultation with other state agencies, to",CALIFORNIA ENERGY COMMISSION,1
"Richard V. Swan & Associates and approximately 300 form letters from various contractors, subcontractors and material suppliers",Richard V. Swan & Associates,1
"Riechers, Shinnamon, & Spence (consulting civil engineers, planners, surveyors)","Riechers Shinnamon & Spence, Inc",1
Riverside County Superintendent of Schools and the 23 school district superintendents,Riverside County Superintendent of Schools and the 23 school district,1
SEIU California on behalf of their court reporter members in Santa Clara County,SEIU California,1
STOP Hidden Taxes Coalition (representing over 50 businesses and consumers),STOP HIDDEN TAXES COALITION,1
STOP Hidden Taxes Coalition (representing over 60 businesses and consumers),STOP HIDDEN TAXES COALITION,1
"Scholl Institute of Bioethics (with petitions containing 32,931 signatures)",Scholl Institute of Bioethics,1
"Service Employees International Union (SEIU) Local 1000, which represents the attorney and non-attorney employees of the State Bar",Service Employees International Union (SEIU) Local 1000,1
Service Employees International Union (guard card identification provisions),Service Employees International Union,1
Small School Districts' Association because districts and counties in rural areas have great difficulty offering summer school,SMALL SCHOOL DISTRICT'S ASSOCIATION,1
Southern California Alliance of Law letters received prior to 6/25/97 amendments,SOUTHERN CALIFORNIA ALLIANCE OF LAW,1
State Association of County Auditors and supported by other county associations,State Association of County Auditors,1
"State Association of County Retirement Systems on behalf of the 20, '37 Act systems",State Association of County Retirement Systems,1
State Bar Committee on the Administration of Justice (nonsuit provision),State Bar Committee on the Administration of Justice,1
State Bar Committee on the Administration of Justice (nonsuit provisions),State Bar Committee on the Administration of Justice,1
State Bar Committee on the Administration of Justice (reconsideration of interim orders provision),State Bar Committee on the Administration of Justice,1
"State Board of Guide Dogs for the Blind (including individual letters from the board president, a guide dog user member, and the executive officer)",State Board of Guide Dogs for the Blind,1
"State Building and Construction Trades Council of California, sponsor of the bill",State Building and Construction Trades Council of California,9
"State Building and Construction Trades Council, AFL-CIO, a co-sponsor of the bill",State Building and Construction Trades Council (AFL-CIO),2
State Department of Personnel Administration and the relevant bargaining units,State Department of Personnel Administration,1
State Personnel Board - OPPOSEThe committee is advised that the SPB letter of opposition is ATTACHED. The SPB,STATE PERSONNEL BOARD,1
Surface Transportation Policy Project (including 32 environmental and transportation organizations),SURFACE TRANSPORTATION POLICY PROJECT,1
"Sustainable Rossmoor, a group of residents in Rossmoor, a common interest development located in Walnut Creek",Sustainable Rossmoor,1
"TEACH (Training in Early Abortion for Comprehensive Healthcare), one of the sponsors of",TEACH,2
The CSDA requests amendments that (a) delay implementation by six months and (b) allow local governments to adopt policies allowing a criminal,CALIFORNIA SPECIAL DISTRICTS ASSOCIATION,1
"The California Medical Association and the Medical Board of California this bill, and it has no",The California Medical Association,1
"The County Recorders Association of California, while supporting the policy issues in the bill, opposes the funding source. The county",THE COUNTY RECORDERS ASSOCIATION OF CALIFORNIA,1
The FCL suggests a more effective way to deal with the cell phone issue,Friends Committee on Legislation,1
"The Los Angeles Community Action Network (a community organization that advocates for extremely low income persons, particularly in the skid row area)",The Los Angeles Community Action Network (a),1
"The Spa and Pool Education Council (SPEC) supports the policy direction of the bill, and",Spa and Pool Education Council,1
"The Superior Court of the State of California, San Diego (various judges, court referees)",THE SUPERIOR COURT OF,1
The Utility Reform Network (TURN) - submitted for a prior version of the measure,The Utility Reform Network (TURN),1
"The Utility Reform Network (TURN), in addition to sharing the above concerns",The Utility Reform Network (TURN),1
Thoroughbred Owners of California in order to authorize CHRB to enter into a model compact,Thoroughbred Owners of California,1
Thoroughbred Owners of California in order to authorize the CHRB to enter into a model compact,Thoroughbred Owners of California,1
Traditional Values Coalition (from the author's office and Assembly Public Safety analysis),TRADITIONAL VALUES COALITION,1
Trial Courts Legislation Committee (county clerks and court administrators),Trial Courts Legislation Committee,1
"Valley Indian Seniors Association (""On behalf of the organizations listed below that are indented"")",Valley Indian Seniors Association,1
"Vidiots Foundation, a 501(c)(3) nonprofit cultural film exhibition organization",Vidiots Foundation,1
West Coast Conference (whose membership consists of private Catholic Colleges),West Coast Conference,1
"Women's Transitional Living Center, Inc. (a haven for battered women/children)","Women's Transitional Living Center, INC",1
the California chapter of the American Society of Metabolic and Bariatric Surgery,THE CALIFORNIA CHAPTER OF THE AMERICAN,1
"the Obesity Care Continuum, which includes the sponsor, bariatric surgeons, and other groups",Obesity Care Continuum,1
