org_name,count
"As of April 14, 1995",48
10/96,42
"As of July 7, 1995",40
"As of June 14, 1996",35
"As of April 9, 2010",33
06/15/94,32
"May 5, 1993",27
445-4246,26
"As of June 21, 1996",26
4/5 vote,25
04/14/93,23
"As of March 31, 1995",23
06/29/94,21
"As of April 5, 1996",20
06/09/93,18
06/23/93,18
"April 6, 1994",18
07/06/94,17
"As of June 23, 1995",17
"As of June 28, 1996",17
06/30/93,16
445-1918,16
"As of July 1, 1996",16
324-4655,15
"April 7, 1993",15
"As of June 25, 1998",15
07/05/95,14
07/07/93,14
"April 21, 1993",14
"As of March 15, 1996",14
"As of April 12, 1996",13
07/14/93,12
"1,900",12
4/19/95,12
As of June 19,12
05/31/95,11
04/13/94,10
6/12/96,10
"Date: May 19, 2005",10
"June 16, 1993",10
"As of April 19, 1996",10
"As of August 9, 1996",10
"As of June 29, 1996",10
As of April 19,10
03/30/94,9
2007,9
As of April 16,9
04/12/95,8
04/21/93,8
05/11/94,8
05/12/93,8
06/14/95,8
5/1/96,8
5/23/25,8
6/1/15,8
6/26/96,8
"April 20, 1994",8
"Date: June 23, 2005",8
"June 8, 1994",8
"May 4, 1994",8
"As of June 30, 1996",8
"HEARING: MAY 10, 1995",8
06/16/93,7
06/22/94,7
1,7
"1,000",7
"June 22, 1994",7
04/14/93:auc,7
As of June 25,7
"As of May 3, 1996",7
"As of May 31, 1996",7
04/27/94,6
08/08/94,6
5,6
5/2/11,6
5/26/11,6
6/25/96,6
6/28/95,6
7/12/95,6
8/27/24,6
"April 6, 1993",6
"As of June 2, 1995",6
"As of June 27, 1996",6
4/14/94:AHED,6
As of April 21,6
03/01/95,5
03/09/94,5
03/24/93,5
03/27/95,5
04/26/95,5
1998,5
3/22/95,5
3/29/95,5
4/19/96,5
4/5/95,5
445-1616,5
5-11-12 6-30-25 6-30-35,5
5/29/96,5
7,5
7/9/97,5
"April 14, 1994",5
"April 20, 1993",5
"As of June 24, 1996",5
"July 8, 1993",5
03/28/94:auc,5
As of April 9,5
04/09/97,4
05/04/94,4
05/10/95,4
05/26/93,4
06/24/93:auc,4
08/18/93,4
11/02/09,4
1993,4
2003,4
3/12/97,4
3/31/99,4
4/8/96,4
445-1083,4
445-3451,4
5/13/11,4
5/21/21,4
5/24/25,4
5/31/05,4
6-30-25 6-30-25 6-30-45,4
6/21/95,4
6/21/96,4
6/24/99,4
685,4
8/17/95,4
8/29/25,4
9/8/21,4
"April 15, 1993",4
As of June 18,4
As of March 31,4
Contact: Jan L. Owen 445-6306,4
"June 24, 1993",4
"March 16, 1993",4
"March 17, 1993",4
"March 8, 1993",4
"May 13, 1993",4
"May 19, 1993",4
"May 5, 1994",4
"MAY 22, 1995",4
SB 948 04/05/99,4
04/14/94:auc,4
06/16/94:auc,4
07/02/93:auc,4
4/1/94:AHED,4
6/16/94:AHED,4
As of April 10,4
As of June 20,4
03/10/93,3
03/15/95,3
04/06/94,3
04/15/94:auc,3
04/28/93,3
05/19/93,3
1/3 (for 2/3 vote),3
"10,254",3
"10,703",3
"11,188",3
"12,028",3
"12,307",3
17 4 7 2 3 1,3
1994,3
2/26/96,3
2022,3
23 13 5 5,3
27 9 11 4 1 2,3
3/12/96,3
3/13/96,3
3/25/97,3
3/25/98,3
3/26/97,3
3/30/95,3
"4,397",3
"4,669",3
4/11/00,3
4/14/99,3
4/15/98,3
4/29/97,3
4/8/93:HIGHER ED,3
4/8/97,3
4/9/96,3
41 - 36,3
42 - 34,3
445-7278,3
"5,044",3
"5,278",3
"5,437",3
"5,987",3
5/10/95,3
5/15/98,3
5/28/02,3
"6,078",3
"6,143",3
"6,540",3
"6,942",3
6/11/97,3
6/17/14,3
6/24/96,3
6/25/97,3
6/28/94,3
"7,896",3
7/1/99,3
7/5/95,3
7/6/11,3
"8,119",3
"8,226",3
"8,334",3
"8,479",3
8/11/22,3
8/20/97,3
8/29/94,3
"9,217",3
"9,846",3
"April 14, 1993",3
"April 28, 2015",3
"April 29, 1993",3
As of June 24,3
"As of May 5, 2000",3
"January 22, 2015. [2] D.13-09-045",3
"January 5, 1994",3
"July 1, 1994",3
"June 17, 1993",3
"June 21, 1994",3
"June 23, 1993",3
"June 7, 1994",3
"March 11, 1993",3
"May 2, 1994",3
"HEARING: JUNE 19, 1995",3
"Hearing: June 12, 1996",3
SB 1593 -- /22/00,3
SB 1621 -- /27/00,3
SB 1627 -- /27/00,3
SB 2131 -- /30/00,3
01/05/94,2
02/09/94,2
02/24/93,2
03/23/94,2
04/07/94:auc,2
04/13/93:auc,2
04/19/94:auc,2
04/20/94,2
04/24/96,2
04/29/97,2
04/30/03,2
05/05/93,2
06/06/03,2
07/12/95,2
1-1-04 12-29-16 12-29-26,2
1/22/24,2
10/27/15,2
10/27/93,2
10:22 PM,2
1191.5,2
12-29-76,2
12/30/93:AHED,2
18,2
19-Apr-1996,2
1989,2
1991,2
1992,2
1995,2
1996,2
1997,2
2/11/96,2
2001,2
2005,2
3/12/24,2
3/15/94,2
3/26/93:AHED,2
4 APRIL 19,2
4/1/99,2
4/12/01,2
4/13/94:auc,2
4/21/25,2
4/24/1,2
4/24/15,2
4/26/24,2
4/26/95,2
4/28/11,2
4/28/15,2
4/3/95,2
4/30/15,2
4/30/97,2
4/7/25,2
41-31,2
43 - 30,2
44010,2
445-4256,2
445-4560,2
5/13/99,2
5/15/24,2
5/16/17,2
5/20/21,2
5/25/25,2
5/26/25,2
5/27/15,2
5/27/98,2
5/3/93,2
5/31/15,2
5/6/25,2
5/7/96,2
51-11,2
57-12,2
6/10/97,2
6/11/15,2
6/14/95,2
6/16/95,2
6/20/02,2
6/23/93,2
6/23/99,2
6/25/14,2
6/28/11,2
6/30/99,2
6/9/97,2
7/1/93:AHED,2
7/22/98,2
7/7/99,2
7/8/08,2
7/8/97,2
73-1,2
8/18/15,2
8/18/99,2
8/20/20,2
8/22/24,2
8/23/99,2
8/27/18,2
8/27/93,2
8/6/18,2
9-11,2
9/10/99,2
9/11/97,2
9/15/61,2
9/2/93,2
9/8/23,2
9119,2
April 1,2
"April 12, 1994",2
"April 16, 1993",2
"April 18, 2007.",2
"April 2, 1993",2
"April 22, 1993",2
"April 25, 2011 Version of Bill",2
"April 26, 1993",2
"April 29,1993",2
April 3,2
"April 5, 1993",2
"April 5, 1994",2
"April 7, 1994",2
As of January 4,2
As of June 22,2
"As of June June 27, 2003",2
"As of March 20,2003",2
As of March 4,2
"As of March7, 2008",2
"As of May 10, 1996",2
"Date of Hearing: March 6, 1995",2
"Date of Hearing:April 18, 1995",2
"Date: April 14, 1999",2
"Date: April 15, 1999",2
"Date: April 4, 2005 :",2
"Date: April 5, 2005",2
"Date: April 8, 1999",2
"Date: June 15, 2005",2
"Date: June 20, 2005",2
"Date: March 17, 1999",2
"Date: May 17, 2005",2
"Date: May 26, 2004 :",2
"Date: May 26,2004",2
"Date: May 4, 1999",2
"Date: May 5, 1999",2
"Date: May 6, 1999",2
"Date: May 7, 1999",2
"January 1, 2006",2
"January 1, 2020",2
January 18,2
"January 5, 1993",2
July 22,2
"July 7, 1993",2
"June 10, 1993",2
"June 13, 1994",2
"June 20, 1997",2
"June 29, 1994",2
March 2000 (Proposition 22),2
"March 27, 1997",2
"May 10, 1993",2
"May 12, 1993",2
"May 26, 2006",2
Revised 07/02/18 at 4:06 p.m,2
SB 1572 -- /18/00,2
SB 1966 --/25/00,2
"Unknown June 8, 1994",2
transaction with minor | | |Sexual exploitation of a child | | |Employment or use of minor to perform | | |prohibited acts | | |Advertising for sale or distribution obscene | | |matter depicting a person under the age of 18 | | |years engaging in or simulating sexual conduct| | |Possession or control of matter depicting | | |minor engaging or simulating sexual conduct | | |Distribute harmful matter to minors | | |Indecent exposure (on or after 9/15/61) |(c) | |Disorderly conduct: solicit lewd act |(a) | |Disorderly conduct: loiter in or about toilet | | |(Before 12/31/87) Annoy/molest children | | |Loitering about adult schools,2
February 28,2
"July 11, 1995",2
"March 21, 2003",2
0.16 299 1,1
0.19 351 1,1
"0.61 1,104 1",1
"0.72 1,316 1",1
"0.85 1,545 1",1
"0.91 1,664 1",1
"0.92 1,682 1",1
"0.93 1,693 1",1
01/03/94,1
01/12/94,1
02/16/96 Treasurer/Tax Collector,1
03/02/94,1
03/11/93,1
03/11/94:auc,1
03/22/94:arul,1
03/31/93,1
04/03/95,1
04/13/93,1
04/14/93 (CPUC),1
04/14/94,1
04/16/94,1
04/22/93:arul,1
04/31/93,1
05/04/93 Air Quality Coalition,1
05/09/95:arul,1
05/15/95:arul,1
05/16/96 Valley Unified Air Pollution Control District,1
05/25/93 and Housing Coalition,1
06/02/93:arul,1
06/08/93:auc,1
06/08/94,1
06/10/93:arul,1
06/21/94:arul,1
06/6/94:auc,1
07/03/93:auc,1
08/10/94,1
08/22/94,1
08/25/93,1
09/01/23,1
09/07/93,1
09/13/95,1
1-1-04 7-30-22 7-30-32,1
"1.05 1,913 1",1
"1.06 1,932 1",1
"1.08 1,961 1",1
"1.08 1,962 1",1
"1.77 3,228 1",1
"1.84 3,354 1",1
1/10/02,1
1/15/02,1
100,1
"100,000",1
11-Mar-1993,1
11: 35-43,1
"12, 2006",1
13,1
"13,000",1
"14, 2014",1
149,1
14:39-49,1
"16.92 30,835 4",1
17,1
"17, 2000",1
"18, 2003",1
"18.37 33,476 4",1
"18.77 34,201 4",1
1989-1990 and 1990-1991,1
1993-2001,1
1994 1874,1
"2,378,480.01",1
"2.43 4,431 1",1
2/12/96,1
2/23/96 Boards Association,1
2/26/98,1
2/27/96,1
2004-05,1
2008,1
2010,1
2013,1
20919.20,1
20919.21,1
20919.22,1
20919.24,1
20:199-214,1
"21, 2000",1
"21, 2006",1
240,1
28-38,1
"3.16 5,751 1",1
"3.86 7,036 1",1
"3.95 7,191 1",1
3/23/94:AHED,1
3/25/93:HIGHER ED,1
3/26/95,1
3/27/02,1
3/27/97,1
3/28/17,1
3/3/95,1
3/30/93:HIGHER ED,1
3/31/94:AHED,1
3/5/95,1
3/6/14,1
3/6/96,1
3/7/00,1
300,1
322-3730,1
322-4320,1
327-3662,1
347,1
35(9),1
3631,1
"4.02 7,324 1",1
4/1/93:ahcd,1
4/1/94,1
4/10/07,1
4/10/96,1
4/11/96,1
4/12/95,1
4/12/952,1
4/12/99,1
4/13/94,1
4/13/99,1
4/14/93,1
4/14/94,1
4/15/93,1
4/15/94:AHED,1
4/15/96,1
4/16/99,1
4/17/02,1
4/18/02,1
4/18/93:AHED,1
4/18/96,1
4/19/02,1
4/19/93:AHED,1
4/19/93:ahcd,1
4/19/99,1
4/2/13,1
4/20/00,1
4/25/23,1
4/27/98,1
4/28/98,1
4/4/05,1
4/5/94,1
4/7/97,1
43(2): 181-194,1
"44, 80, 600, 695, 700, 705, 706, 728, 729, 767, 800, 871, 884, 892",1
445-0664,1
445-3268,1
445-6306,1
45-30,1
47-1,1
"5.35 9,753 2",1
5/1/95,1
5/11/11,1
5/11/18,1
5/16/11,1
5/16/24,1
5/17/93:AHED,1
"5/18/00, and substantially amended on",1
5/2/96,1
5/24/11,1
5/26/93,1
5/3/11,1
5/3/95,1
5/3/99,1
5/5/00,1
5/5/99,1
52 - 14,1
58-12,1
6 - 1,1
"6,344 1",1
6-10-93,1
"6.45 11,754 2",1
6/10/96,1
6/11/93,1
6/11/96,1
6/12/95,1
6/12/96 Association-California Chapter,1
6/12/97,1
6/12/98,1
6/13/12,1
6/14/00,1
6/16,1
6/16/93,1
6/16/94,1
6/17/93,1
6/19/98,1
6/20/96,1
6/21/06,1
6/22/11,1
6/22/93,1
6/22/98,1
6/24/93,1
6/24/97,1
6/24/98,1
6/28/99,1
6/29/94,1
6/30/94:AHED,1
6/30/95,1
6/30/98,1
6/7/95,1
6/8/00,1
6/9/99,1
64-7,1
69999.3,1
7-0,1
7-30-82,1
7-9,1
7/1/94,1
7/10/97,1
7/12/93:AHED,1
7/14/97,1
7/16/97,1
7/17/01,1
7/19/02,1
7/26/00,1
7/27/98,1
7/31/02,1
7/5/00,1
7/5/01,1
7/5/94,1
7/6/93,1
7/8/93,1
7/9/93,1
8/1/02,1
8/10/99,1
8/11/99,1
8/12/16,1
8/12/22,1
8/18/08,1
8/19/20,1
8/19/98,1
8/21/97,1
8/22/14,1
8/24/17,1
8/27/21,1
8/28/15,1
8/28/98,1
8/29/22,1
8/31/23,1
8/9/16,1
8/9/99,1
9/1/21,1
9/1/95,1
9/3/99,1
9/7/99,1
9/8/97,1
"APRIL 17, 1995",1
"April 1, 1998",1
"April 15, 1994",1
"April 17, 2006",1
"April 2, 1998",1
"April 26, 1995",1
"April 27, 1994",1
"April 5, 1996",1
"April 8, 1998",1
"April 9, 1997",1
As of June 27,1
As of June 4,1
As of June 6,1
As of June 7,1
"August 18, 1993",1
"August 3, 1994",1
"California Teamsters Public Affairs Council (April 23, 2007)",1
"FEBRUARY 23, 2007",1
"February 1, 2012",1
"February 2009. [2] ""Do Enterprise Zones Create Jobs?"" by David Neumark and Jed Kolko",1
"Foundation, July, 2013",1
In July 2015,1
"January 10, 1996. Both AB 1220 (Pringle) and AB 1497 (Baldwin)",1
"January 19, 1996",1
"January 6, 1994",1
"July 1, 1997",1
"July 10, 1997",1
"July 5, 1994",1
"July 6, 1995",1
"July 7, 1995",1
"July 8, 1997",1
"June 12, 1996",1
"June 14, 1996",1
"June 15, 1993",1
"June 15, 1994",1
"June 16, 1995",1
"June 16, 1997",1
"June 17, 1992",1
"June 17, 1996",1
"June 18, 1996",1
"June 18, 1997",1
"June 19, 1997",1
"June 20, 1996",1
"June 2010 [3] ""Do Some Enterprise Zones Create Jobs?"" by Jed Kolko and David Neumark",1
"June 21, 1993",1
"June 22, 1993",1
"June 23, 1994",1
"June 26, 1996",1
"June 29, 1993",1
"June 30, 1993",1
"June 30, 1994",1
"June 6, 1994",1
"June 8, 1993",1
"MAY 1, 2003",1
"MAY 24, 1994",1
"March 10, 1994",1
"March 10, 1997",1
"March 14, 1994",1
"March 16, 1994",1
"March 17, 1992",1
"March 2, 1994",1
"March 21, 1994",1
"March 24, 2009",1
"March 25, 1993",1
"March 28, 1997",1
"March 30, 1995",1
"March 30, 2011",1
"March 9, 1992",1
"May 11, 1993",1
"May 20, 1993",1
"May 3, 1993",1
"May 3, 1996",1
"May 31, 1994",1
"May 4, 1993",1
November 9,1
"Unknown June 3, 1994",1
Year 2010-2011,1
"version - January 5, 2012",1
2/4/99 Page,1
2/9/99 Page,1
3/24/99 Page,1
4/15/99 Page,1
Reflects version of bill prior to 5/30/01 amendments,1
SENT 12/20/96 at 11:40a,1
"http://pediatrics.aappublications.org/content/106/1/149.full.pdf [9] Prendergast AJ, Penazzato M, Cotton M, Musoke P, Mulenga V, et al. (2012) Treatment of Young Children with HIV Infection: Using Evidence to Inform Policymakers. PLoS Med 9(7): e1001273",1
4/3/95:atrans,7
4/17/95:atrans,4
5/1/95:atrans,4
AGB:DLW:do 8/30/10 Senate Floor Analyses,4
Analysis Prepared by Ed Imai / TRANS. / (916) 319-2093,3
3/6/95:atrans,2
4/24/95:atrans,2
6/19/95:atrans,2
7/10/95:atrans,2
AGB:RJG:do 8/25/10 Senate Floor Analyses,2
AGB:kc:d 5/10/12 Senate Floor Analyses,2
CP:jk/sl 8/1/98 Senate Floor Analyses,2
NOTE: The opposition is reviewing the 5/18/95 amendments,2
TSM:DLW:do 8/27/10 Senate Floor Analyses,2
Verfied 8/27/24,2
"molesting of | | |pupils | | |(Before 9/15/61) Vagrancy, lewd: solicitation |(b) | |of homosexual activity | | |(After 1/1/88) Annoy/molest children |(a) | |Any attempt to commit any of the |(h) | |above-mentioned offenses | | |Any commission or attempt in another state or |(i) | |against the laws of the U.S. which if | | |committed in California would have been | | |punishable as one or more of the | | |above-mentioned offenses (including PC § 290) | | | |(k) | |offender under former article (commencing with| | |§ 6300, repealed in 1981) | | | | | |Offense |§ 44011 | |Subsectio| | |n | |Possession of designated controlled substances|(a) | |Possession/purchase of designated controlled | | |substances for sale | | |Possession of cocaine for sale | | |Transportation/etc. designated controlled | | |substances | | |Dispensing or furnishing drugs without a | | |license | | |Sale of heroin | | |Adult induces/etc. minor to violate controlled| | |substance provisions | | |Violation of 11353 by an adult near other | | |minors | | |Multiple violations of 11353 by an adult",2
none 12-29-11 none,2
1/8/96:atrans,1
"6/21/00, when extensive amendments were discussed. The committee",1
6/26/95:atrans,1
AB:AL:d 8/29/14 Senate Floor Analyses,1
AB:d:e:n 9/9/13 Senate Floor Analyses,1
AGB/DLW:mw 9/9/11 Senate Floor Analyses,1
AGB:DW:do 5/29/12 Senate Floor Analyses,1
AGB:DW:nl 5/11/11 Senate Floor Analyses,1
AGB:JA:d 9/11/13 Senate Floor Analyses,1
AGB:kc:d 5/14/12 Senate Floor Analyses,1
AL/RM:k 5/28/13 Senate Floor Analyses,1
AL:nl:d 6/3/14 Senate Floor Analyses,1
As it left the Senate on 5/12/03,1
CA Teachers Assoc. 4/29/95:algov,1
CP/NC:cm 6/24/98 Senate Floor Analyses,1
CP:cm/ctl 5/26/98 Senate Floor Analyses,1
CP:cm/ctl 5/5/98 Senate Floor Analyses,1
CP:cm/ctl 7/14/98 Senate Floor Analyses,1
CP:cm/ctl 8/28/98 Senate Floor Analyses,1
CP:ctl /cm 3/19/98 Senate Floor Analyses,1
CP:ctl/cm 5/11/98 Senate Floor Analyses,1
CP:ctl/cm 5/26/98 Senate Floor Analyses,1
CP:ctl/cm 5/6/98 Senate Floor Analyses,1
CP:ctl/cm 8/13/98 Senate Floor Analyses,1
CP:ctl/cm/jk 5/28/98 Senate Floor Analyses,1
CP:ctl/jk/sl/ctl/cm 8/27/98 Senate Floor Analyses,1
CP:nf/cm/ctl 1/28/98 Senate Floor Analyses,1
CP:nf/jk 1/28/98 Senate Floor Analyses,1
CP:sl/jk 1/28/98 Senate Floor Analyses,1
CP:sl/jk 7/22/98 Senate Floor Analyses,1
CP:sl/jk/ctl 1/28/98 Senate Floor Analyses,1
CTW/AGB:cm 9/10/07 Senate Floor Analyses,1
CTW/AGB:mel 8/17/05 Senate Floor Analyses,1
CTW/AGB:mel 8/29/06 Senate Floor Analyses,1
CTW/DLW:k 8/21/12 Senate Floor Analyses,1
CTW/DLW:k 8/27/12 Senate Floor Analyses,1
CTW/DLW:kc 5/21/12 Senate Floor Analyses,1
CTW:DLW:do 8/20/09 Senate Floor Analyses,1
CTW:d0 5/10/06 Senate Floor Analyses,1
"California Federation of Teachers California Teachers Association Appendix A Specified Offenses Covered by |§ 44010 | | |Subsectio| | |n | |Assault to commit rape |(a) | |Sexual battery | | | | |Rape | | |Unlawful sexual intercourse with minor | | |(statutory rape) | | |Rape of spouse by force/fear/threat | | |Aiding and abetting rape | | |Entice minor female for prostitution/etc. | | |Providing or transporting child under 16 for | | |lewd or lascivious act | | |Abduct minor for prostitution | | |(on or after 9/15/61) Contributing to the |(e) | |delinquency of a minor involving | | |lewd/lascivious conduct | | |Incest |(a) | |Sodomy |(a), (g) | |Lewd or lascivious acts with child under 14 |(a) | |years | | |Lewd or lascivious acts |(a) | |Oral copulation |(a), (g) | |Penetration by foreign object |(a) | |Registration as a sex offender and any |(j) | |conviction resulting in requirement to | | |register as a sex offender | | |Indecent exposure (after 9/7/55 but before |(d) | |9/15/61) | | |(before 9/15/61) Procuring another's lewd |(b) | |exposure or excitation lewd thoughts | | |Sent or brought into state for sale or |(a) | |distribution, matter depicting sexual conduct | | |by minor | | |Sending or bringing into state for sale or | | |distribution, matter depicting sexual conduct | | |by minor",1
"California Teachers Association Appendix A Specified Offenses Covered by |§ 44010 | | |Subsectio| | |n | |Assault to commit rape |(a) | |Sexual battery | | | | |Rape | | |Unlawful sexual intercourse with minor | | |(statutory rape) | | |Rape of spouse by force/fear/threat | | |Aiding and abetting rape | | |Entice minor female for prostitution/etc. | | |Providing or transporting child under 16 for | | |lewd or lascivious act | | |Abduct minor for prostitution | | |(on or after 9/15/61) Contributing to the |(e) | |delinquency of a minor involving | | |lewd/lascivious conduct | | |Incest |(a) | |Sodomy |(a), (g) | |Lewd or lascivious acts with child under 14 |(a) | |years | | |Lewd or lascivious acts |(a) | |Oral copulation |(a), (g) | |Penetration by foreign object |(a) | |Registration as a sex offender and any |(j) | |conviction resulting in requirement to | | |register as a sex offender | | |Indecent exposure (after 9/7/55 but before |(d) | |9/15/61) | | |(before 9/15/61) Procuring another's lewd |(b) | |exposure or excitation lewd thoughts | | |Sent or brought into state for sale or |(a) | |distribution, matter depicting sexual conduct | | |by minor | | |Sending or bringing into state for sale or | | |distribution, matter depicting sexual conduct | | |by minor",1
Geoff Long / APPR. / (916) 319-2081,1
JG:nl:d 9/11/13 Senate Floor Analyses,1
JG:nl:d 9/19/13 Senate Floor Analyses,1
JG:nl:k 9/11/13 Senate Floor Analyses,1
Judicial Council of CA 4/15/95:algov,1
NC:ctl/cm 6/10/98 Senate Floor Analyses,1
NC:ctl/cm 8/23/98 Senate Floor Analyses,1
NC:ctl/cm 8/27/98 Senate Floor Analyses,1
NC:meln 4/5/06 Senate Floor Analyses,1
Opposition to SB 1438 on 6/15/04 was as follows:,1
PQ/AL:k 5/27/14 Senate Floor Analyses,1
PUC Decision D.03-04-030,1
"Producers Dairy. [1] Clayton, S. California School Health Centers Association. 17 April 2013. Silva, C. Latino Coalition for Health California. 9 April 2013. [2] Smith, T.A., Lin, B., & Lee, J. United States Department of Agriculture, Economic Research Service 100 (2010). Taxing caloric sweetened beverages: Potential effects on beverage consumption, calorie intake, ERR- 100 [3] Block, G. (2004). ""Foods Contributing to Energy Intake in the US: Data from NHANES III and NHANES 1999-2000."" Journal of Food Composition and Analysis, 17: 439-447 [4] Fletcher, J.M., Fisvold, D.E., & Tefft, N. The effects of soft drink taxes on child and adolescent consumption and weight outcomes [Internet]. [cited 17 April 2013]. Available from: http://www.bates.edu/economics/files/2010/05/fletcher_frisvold_tefft_2011_JP E.pdf [5] Wang, Y. C., Coxon, P., Shen, Y., Goldman, L., & Bibbins-Domingo, K. (n.d.). A penny-per-ounce tax on sugar-sweetened beverages would cut health and cost burdens of diabetes . (2012). Health Affairs, 31(1), 199-207. [6] American Beverage Association. Economic Impact Analysis. 15 April 2013. [7] French, S.A., Wall, M., & Mitchell, N.R. Household income differences in food sources and food items purchased. (2010) International Journal of Behavioral Nutrition and Physical Activity (2010) [Internet]. Available from: http://www.ijbnpa.org/content/7/1/77 [8] DiCamillo, M. & Field, M. Two in three voters support taxing sugary- sweetened beverages if proceeds are tied to improving school nutrition and physical activity programs. The Field Poll (2013) 2436. Available at: http://field.com/fieldpollonline/subscribers/Rls2436.pdf [9] Drenkard, S. Soda Tax Proposals Bubbling Up in California. TaxFoundation, (332) 25 October 2012",1
RM:nl:d 5/25/14 Senate Floor Analyses,1
RM:nl:d 8/26/14 Senate Floor Analyses,1
RM:nl:ej 9/11/13 Senate Floor Analyses,1
"See Electronic Data Systems 4/19/02 Proxy Statement, page",1
"See Tyco International, Ltd. 2/21/02 Proxy statement, page",1
Support to SB 1438 on 6/15/04 was as follows:,1
The following groups opposed the prior version of the bill. It is unknown if the 8/6/97 amendments remove their,1
Unitarian Universalist Project Freedom of Religion. -- 4/5/99 Page,1
Verfied 8/30/22,1
Verifed 5/18/21,1
Verifed 8/11/22,1
Verify 6/21/00,1
"however, the CTA currently administers the 911 program. Effective 1/1/14 OES will officially be responsible for 911-services pursuant to Governor Brown's reorganization plan. [2] Mobile telephony services are not subject to the sales tax as they are not tangible personal property. If I purchased the $100 of service in a bundle that included a cell phone (tangible personal property), I would also be subject to the sales tax",1
none 6-30-25 none,1
none 7-30-17 none,1
