American Academy Of Pediatrics, California	AMERICAN ACADEMY OF PEDIATRICS	American Academy of Pediatrics
California Association of County Veterans Service Officers (CACVSO)	Association of County Veterans Service Officers	CACVSO
California Association of Health Plans (prior version)	CALIFORNIA ASSOCIATION OF HEALTH PLANS	CAHP
California Rural Legal Assistance Foundation (CRLAF)	CALIFORNIA RURAL LEGAL ASSISTANCE FOUNDATION	CRLAF
California Veterinary Medical Association (CVMA)	CALIFORNIA VETERINARY MEDICAL ASSOCIATION	CVMA
Democrats for Israel - CA	Democrats for Israel	Democrats for Israel
Education Trust West	EDUCATION TRUST-WEST	Education Trust West
Los Angeles Probation Officers' Union	Angeles Probation Officers Union	Probation Officers Union
Lutheran Office of Public Policy-California	LUTHERAN OFFICE OF PUBLIC POLICY	Lutheran Office of Public Policy
Naral Pro-Choice California	National Abortion Rights Action League	NARAL
Peace Officers' Research Association of California (PORAC)	The Peace Officers Research Association of California is	PORAC
Planned Parenthood Los Angeles	Planned Parenthood	Planned Parenthood
San Francisco Bay Area Chapter - Safari Club International	Safari Club International - San Francisco Bay Chapter	Safari Club International
Stanislaus County District Attorney	District Attorneys	District Attorney
Tri-County Chamber Alliance	Tri-County Chamber Alliance	Tri-County Chamber Alliance
United Nurses Association	United Nurses	United Nurses
United Nurses Associations of California/union of Health Care Professionals	United Nurses Assoc. of California/Union of Health Care Professionals	United Nurses
American Council of Engineering Companies California	American Council of Engineering Companies of California (ACEC CA)	ACEC California
California Employment Lawyers Association (CELA)	Employment Lawyers Association	CELA
California Nevada Conference of Operating Engineers	CALIFORNIA-NEVADA CONFERENCE OF OPERATING ENGINEERS	CA-NV Operating Engineers
California ProLife Council, Inc	California Pro-Life Council	California ProLife Council
California Rural Legal Assistance Foundation (CRLA)	CALIFORNIA RURAL LEGAL ASSISTANCE FOUNDATION	CRLAF
California Taxpayers Association (Cal-Tax)	California Taxpayers Association	CalTax
Children's Defense Fund- California	CHILDREN'S DEFENSE FUND	Children's Defense Fund
Climate Reality Project San Fernando Valley Chapter	CLIMATE REALITY PROJECT - SAN FERNANDO VALLEY CHAPTER	Climate Reality Project
Coalition of California Chambers - Orange County	COALITION OF CALIFORNIA CHAMBERS	Coalition of California Chambers
League of Women Voters of California (prior version)	League of Women Voters of California	League of Women Voters of California
Mixteco/Indigena Community Organizing Project	MIXTECO INDIGENA COMMUNITY ORGANIZING PROJECT	Mixteco Indigena
SLO County YIMBY	SloCo Yimby	YIMBY
Ufcw - Western States Council	UFCW Western States Council	UFCW Western States Council
Vallejo-Benicia Indivisible	Vallejo-Benicia Indivisible	Indivisible
WateReuse Association of California	WateReuse	WateReuse
American Academy of Pediatrics - California	AMERICAN ACADEMY OF PEDIATRICS	American Academy of Pediatrics
American Council of Engineering Companies - California	American Council of Engineering Companies of California (ACEC CA)	ACEC California
Association of Family Conciliation Courts	ASSOCIATION OF FAMILY AND CONCILIATION COURTS	Association of Family and Conciliation Courts
California Taxpayers Association (CALTAX)	California Taxpayers Association	CalTax
Children's Defense Fund, California	CHILDREN'S DEFENSE FUND	Children's Defense Fund
City of Santa Ana Police Department	Santa Ana Police	Santa Ana Police
Coalition for Economic Survival, Los Angeles	COALITION FOR ECONOMIC SURVIVAL	Coalition for Economic Survival
San Francisco Democratic Party	San Francisco Democratic County Central Committee	San Francisco Democratic Party
The Chamber of the Santa Barbara Region	Chamber of Santa Barbara Region	Santa Barbara Chamber
Torrance	CITY OF TORRANCE	City government
Antelope Valley Chambers of Commerce	ANTELOPE VALLEY CHAMBERS OF COMMERCE	Chamber of Commerce
Bellflower	CITY OF BELLFLOWER	City government
California Retailers Association (CRA)	California Retailers Association	California Retailers Association
Community Asset Development Re-defining Education	CADRE - Community Asset Development Re-defining Education	CADRE
Housing Action Coalition (UNREG)	HOUSING ACTION COALITION	Housing Action Coalition
Koreatown Youth + Community Center	KOREATOWN YOUTH & COMMUNITY CENTER	Koreatown Youth & Community Center
Los Angeles County Probation Officers Union AFSCME Local 685	Los Angeles County Probation Officers Union	LA Probation Officers Union 685
Madera	City of Madera	City government
Mothers Against Drunk Driving (MADD)	Mothers Against Drunk Driving, California Chapter	MADD
National Alliance on Mental Illness, California	NAMI (National Alliance on Mental Illness) California	NAMI
Pacific Justice Institute - Center for Public Policy	Pacific Justice Institute Center for Public Policy	Pacific Justice Institute
Sacramento Metro Chamber	Sacramento Metro	Sacramento Metro Chamber
Walnut Creek	CITY OF WALNUT CREEK	City government
Advanced Medical Technology Association (ADVAMED)	AdvaMed - Advanced Medical Technology Association	AdvaMed
Associated General Contractors - San Diego Chapter	ASSOCIATED GENERAL CONTRACTORS OF SAN DIEGO	AGC San Diego
CFT- a Union of Educators & Classified Professionals	CFT - a Union of Educators & Classified Professionals	CFT
DPA	DEPARTMENT OF PERSONNEL ADMINISTRATION	Dept of Personnel Administration
Escondido	CITY OF ESCONDIDO	City government
Glendale Adventist Medical Center	ADVENTIST HEALTH	Adventist Health
Los Angeles County Probation Officers Union, AFSCME Local 685	Los Angeles County Probation Officers Union	LA Probation Officers Union 685
Los Angeles County Probation Officers Union, AFSCME, Local 685	Los Angeles County Probation Officers Union	LA Probation Officers Union 685
Menlo Park	CITY OF MENLO PARK	City government
National Alliance on Mental Illness-California	NAMI (National Alliance on Mental Illness) California	NAMI
National Council of Jewish Women, Los Angeles	NATIONAL COUNCIL OF JEWISH WOMEN - CALIFORNIA CHAPTER	NCJW
San Luis Delta-Mendota Water Authority	SAN LUIS & DELTA-MENDOTA WATER AUTHORITY	Delta-Mendota Water Authority
Union of Concerned Scientist	UNION OF CONCERNED SCIENTISTS	Union of Concerned Scientists
Utility Consumers' Action Network (UCAN)	UTILITY CONSUMERS' ACTION NETWORK	UCAN
American Academy of Pediatrics California	AMERICAN ACADEMY OF PEDIATRICS	AAP
American Federation of State, County and Municipal Employees (prior version)	American Federation of State, County and Municipal Employees (AFSCME)	AFSCME
Associated General Contractors of CA	Associated General Contractors of California (AGC)	AGC California
California Association of County Veterans Service Officer	Association of County Veterans Service Officers	Veterans Service Officers
California Taxpayers Association (CalTax)	California Taxpayers Association	CalTax
California Taxpayers' Association (Cal-Tax)	California Taxpayers Association	CalTax
CFT	California Federation of Teachers	CFT
Disability Rights of California	CALIFORNIA FOR DISABILITY RIGHTS	Disability Rights California
Jewish Family Service of Los Angeles (UNREG)	JEWISH FAMILY SERVICE OF LOS ANGELES	Jewish Family Service of Los Angeles
Los Angeles County Probation Department Union Local 685	Los Angeles County Probation Officers' Union, AFSCME	LA County Probation Union
Los Angeles Deputy Sheriffs Association	Los Angeles Deputy Sheriffs Association	Deputy Sheriffs Association
Providence	Providence Health	Providence Health
Slo County Yimby	YIMBY	YIMBY
SoCal 350	350.org	350.org
Socal 350	350.org	350.org
Southern California Association of NonProfit Housing	SOUTHERN CALIFORNIA ASSOCIATION OF NON-PROFIT HOUSING	SCANPH
The American Legion, Department of California	AMERICAN LEGION - DEPARTMENT OF CALIFORNIA	American Legion Dept of California
United Domestic Workers of America/AFSCME Local 3930	American Federation of State, County and Municipal Employees (AFSCME)	AFSCME
University of San Francisco School of Law | Racial Justice Clinic	USF Racial Justice Clinic	USF Racial Justice Clinic
Alliance for Community Transit - Los Angeles	Alliance for Community Transit - LA	Alliance for Community Transit LA
American Academy of Pediatrics, CA	AMERICAN ACADEMY OF PEDIATRICS	American Academy of Pediatrics
California Law Enforcement Association of Records Supervisors (CLEARS)	CALIFORNIA LAW ENFORCEMENT ASSOCIATION OF RECORDS SUPERVISORS	CLEARS
California Medical Association (prior version)	American Medical Association	California Medical Association
California School Employees Association (prior version)	CALIFORNIA SCHOOL EMPLOYEES ASSOCIATION	California School Employees Association
CDA	American Dental Association	California Dental Association
CFT - a Union of Educators & Classified Professionals, AFT, AFL-CIO	CFT - a Union of Educators & Classified Professionals	CFT
Friends of the Earth - US	FRIENDS OF THE EARTH	Friends of the Earth
Indivisible Claremont / Inland Valley	Indivisible	Indivisible
Naiop of California, the Commercial Real Estate Development Association	NAIOP OF CALIFORNIA	NAIOP
National Action Network - Sacramento Chapter	National Action Network Sacramento Chapter	National Action Network
National Association of Social Workers- California Chapter	Association of Social Workers-California Chapter	NASW
Orange County Citizens Against Lawsuit Abuse	CITIZENS AGAINST LAWSUIT ABUSE	Citizens Against Lawsuit Abuse
Pfizer, Inc	Pfizer Pharmaceuticals	Pfizer
Stockton Professional Firefighters	International Association of Fire Fighters	IAFF
United Nurses Associations of California/Union of Health	United Nurses Assoc. of California/Union of Health Care Professionals	UNAC
9 to 5 California	9to5	9to5
Advocacy, Inc	AARP (American Association of Retired Persons)	AARP
American Association of Retired Persons California	AARP (American Association of Retired Persons)	AARP
American Federation of State County Municipal Employees	American Federation of State, County and Municipal Employees (AFSCME)	AFSCME
American Federation of State, County and Municipal Employees, AFL-CIO (prior version)	American Federation of State, County and Municipal Employees (AFSCME)	AFSCME
Area Agency on Aging Advisory Council	Advisory Council of the Los Angeles County Area Agency on Aging	Area Agency on Aging
California Association of Clerks and Election Officials (prior version)	CALIFORNIA ASSOCIATION OF CLERKS AND ELECTION OFFICIALS	CACEO
California Common Cause (prior version)	Common Cause	Common Cause
California Labor Federation - AFL-CIO	AMERICAN FEDERATION OF LABOR AND CONGRESS OF INDUSTRIAL ORGANIZATIONS	California Labor Federation
eBay	E-Bay	eBay
IBEW Local 11	INTERNATIONAL BROTHERHOOD OF ELECTRICAL WORKERS	IBEW
IBEW Local Union 569	INTERNATIONAL BROTHERHOOD OF ELECTRICAL WORKERS	IBEW
Indivisible California: StateStrong	California StateStrong	Indivisible
League of California Cities Latino Caucus	California Cities-Latino Caucus	League of California Cities
Long Beach Firefighters, Local 372	Long Beach Firefighter Association	Long Beach Firefighters
Nurse - Family Partnership	Nurse-Family Partnership	Nurse-Family Partnership
Office of the San Diego County District Attorney	District Attorneys	San Diego DA
Physicians for Social Responsibility - Sacramento Chapter	Physicians for Social Responsibility, Sacramento	PSR
Redlands Yimby	REDLANDS YIMBY	Redlands YIMBY
Redlands YIMBY	REDLANDS YIMBY	Redlands YIMBY
Target	Target Corporation	Target
The California Labor Federation	CALIFORNIA LABOR FEDERATION	California Labor Federation
TransUnion	Trans Union	Trans Union
TWW/Indivisible - Los Gatos	Indivisible	Indivisible
Advanced Medical Technology Association (AdvaMed)	AdvaMed - Advanced Medical Technology Association	AdvaMed
ALS Association Golden West Chapter	ALS ASSOCIATION - GOLDEN WEST CHAPTER	ALS Golden West
American Subcontractors Association California	American Subcontractors Association of America	American Subcontractors
Association of California State Supervisors (ACSS)	ASSOCIATION OF CALIFORNIA STATE SUPERVISORS	ACSS
Association of School Administrators	ASSOCIATION OF CALIFORNIA SCHOOL ADMINISTRATORS	ACSA
Brady Campaign to Prevent Gun Violence, California Chapters	BRADY CAMPAIGN TO PREVENT GUN VIOLENCE	Brady Campaign
CA Retailers Association	California Retailers Associations	CA Retailers
California Academy of Family Physicians (CAFP)	American Academy of Family Physicians	CAFP
California Competes: Higher Education for A Strong Economy	California Competes Higher Education for a Strong Economy	California Competes
California Physical Therapy Association (CPTA)	AMERICAN PHYSICAL THERAPY ASSOCIATION	CPTA
California Secretary of State Alex Padilla	SECRETARY OF STATE	Secretary of State
Central Coast Alliance United for a Sustainable Economy (CAUSE)	CENTRAL COAST ALLIANCE UNITED FOR A SUSTAINABLE ECONOMY	CAUSE
Citizens for the "Right to Know	Citizens for the Right to Know	Right to Know
International Brotherhood of Electrical Workers, Local 1245	IBEW, Local Union 1245	IBEW
Legal Aid Society Employment Law Center	Employment Law Center-Legal Aid Society	Employment Law Center
Pfizer Inc	Pfizer Pharmaceuticals	Pfizer
Physicians for Social Responsibility San Francisco Bay Area Chapter	Area Physicians for Social Responsibility	PSR
Physicians for Social Responsibility- Los Angeles	Physicians for Social Responsibility - Los Angeles	PSR
Service Employees International Union - California State Council	CALIFORNIA STATE COUNCIL, SEIU	SEIU
Sierra Club - California	SIERRA CLUB	Sierra Club
Sonoma County Climate Activist Network (SOCOCAN!)	Sonoma County Climate Activist Network	Sonoma County Climate Activist Network
The National Association of Social Workers, California Chapter	Association of Social Workers-California Chapter	NASW California
Transgender, Gendervariant, Intersex Justice Project	TRANSGENDER GENDER-VARIANT INTERSEX JUSTICE PROJECT	TGIJP
United Domestic Workers of America-AFSCME Local 3930/AFL-CIO	American Federation of State, County and Municipal Employees (AFSCME)	AFSCME
USGBC California	Green Building Council, California	Green Building Council
Abate of California - Motorcyclists Rights & Safety Organization	ABATE Of California	ABATE of California
Affordable Housing Management Association - Pacific Southwest	AFFORDABLE HOUSING MANAGEMENT ASSOCIATION, PACIFIC SOUTHWEST	AHMA Pacific Southwest
Affordable Housing Management Association -Pacific Southwest	AFFORDABLE HOUSING MANAGEMENT ASSOCIATION, PACIFIC SOUTHWEST	AHMA Pacific Southwest
Alliance of Californians for Community Empowerment (ACCE Action)	ACCE	ACCE
American Lung Association of CA	AMERICAN LUNG ASSOCIATION	American Lung Association
American Red Cross of California	AMERICAN RED CROSS	American Red Cross
Asian Americans Advancing Justice, California	ASIAN AMERICANS ADVANCING JUSTICE	Asian Americans Advancing Justice
Asian Americans Advancing Justice-Los Angeles	ASIAN AMERICANS ADVANCING JUSTICE	Asian Americans Advancing Justice
Associated Builders and Contractors of CA	Associated Builders and Contractors	Associated Builders and Contractors
Black Lives Matter - Los Angeles	Black Lives Matter Los Angeles	Black Lives Matter
Buena Vista Audubon Society	Buena Vista	Buena Vista Audubon
California Business Properties	California Business Properties Association	California Business Properties Association
California National Organization for the Reform of Marijuana Laws	CALIFORNIA CHAPTER OF THE NATIONAL ORGANIZATION FOR THE REFORM OF MARIJUANA LAWS	California NORML
Computing Technology Industry Association (CompTIA)	Computing Technology Industry Association	CompTIA
Construction Employers' Association (CEA)	CONSTRUCTION EMPLOYERS ASSOCIATION	Construction Employers Association
Council on American-Islamic Relations, California Chapter	Council on American-Islamic Relations	CAIR
Dependency Legal Services (UNREG)	DEPENDENCY LEGAL SERVICES	Dependency Legal Services
Disability Rights California (prior version)	Disability Rights California	Disability Rights California
Friends Committee on Legislation of CA	Friends Committee on Legislation of California	Friends Committee on Legislation
Las Virgenes - Triunfo Joint Powers Authority	Las Virgenes Triunfo Joint Powers Authority	Las Virgenes Triunfo JPA
League of California Cities (prior version)	LEAGUE OF CALIFORNIA CITIES	League of California Cities
Los Angeles Audubon Society	National Audubon Society	National Audubon Society
Los Angeles County Probation Officers' Union, AFSCME, Local 685	American Federation of State, County and Municipal Employees (AFSCME)	AFSCME
Los Angeles School Police Association	LOS ANGELES SCHOOL POLICE MANAGEMENT ASSOCIATION	Los Angeles School Police
National Federation of Independent Business, California	NATIONAL FEDERATION OF INDEPENDENT BUSINESS	NFIB
Planned Parenthood of Santa Barbara, Ventura and San Luis Obispo Counties, Inc	Planned Parenthood	Planned Parenthood
Plumbing Heating Cooling Contractors of California	Plumbing, Heating and Cooling Contractors of California (PHCC)	PHCC California
PPAC	Planned Parenthood	Planned Parenthood
PTA	California State PTA	California State PTA
Sherman Block, Sheriff of Los Angeles County	Los Angeles County Sheriff's Department	Los Angeles County Sheriff
SMART - Transportation Division	International Association of Sheet Metal, Air, Rail and Transportation Workers (SMART)	SMART
State Department of Finance (prior version)	CALIFORNIA DEPARTMENT OF FINANCE	California Department of Finance
The American Federation of State, County and Municipal Employees (AFSCME), AFL-CIO	American Federation of State, County and Municipal Employees (AFSCME)	AFSCME
The Walt Disney Company	WALT DISNEY	Walt Disney
United Domestic Workers of America, AFSCME Local 3930	American Federation of State, County and Municipal Employees (AFSCME)	AFSCME
United Food and Commercial Workers - Western States Council	UFCW Western States Council	UFCW Western States Council
VFW- Department of California	Veterans of Foreign Wars, Department of California	VFW
Women's Foundation of California, Women's Policy Institute	WOMEN'S FOUNDATION OF CALIFORNIA - WOMEN'S POLICY INSTITUTE	Womens Foundation
350 Contra Costa Action	350.org	350.org
A Passion for Paws - Akita Rescue	A Passion for Paws Rescue	A Passion for Paws Rescue
ABATE of California, Inc	AMERICAN BROTHERHOOD AIMED TOWARD EDUCATION	ABATE
Agriculture Council of California ("In Concept")	AGRICULTURAL COUNCIL OF CALIFORNIA	In Concept
Alameda County District Attorney Nancy O'Malley	District Attorneys	District Attorneys
American Association of University Women (AAUW) San Jose	AMERICAN ASSOCIATION OF UNIVERSITY WOMEN	AAUW
American College of Obstetricians and Gynecologists, District IX (California)	American College of Obstetricians and Gynecologists - District IX	ACOG District IX
American Congress of Obstetricians and Gynecologists, District IX (California)	American College of Obstetricians and Gynecologists - District IX	ACOG District IX
American Federation of State, County, Municipal Employees	American Federation of State, County and Municipal Employees (AFSCME)	AFSCME
Association of California Cities, Orange County	Association of California Cities, Orange County Chapter	Association of California Cities
Blue Cross of California (prior version)	BLUE CROSS OF CALIFORNIA	prior version
Browning Ferris Industries	Browning Ferris	Browning Ferris
CA State NAACP	CALIFORNIA STATE CONFERENCE OF THE NATIONAL ASSOCIATION	NAACP
California Agriculture Aircraft Association ("In Concept")	California Agricultural Aircraft Association	In Concept
California American Association of University Women	AMERICAN ASSOCIATION OF UNIVERSITY WOMEN	AAUW
California Association of Nurseries & Garden Centers ("In Concept")	California Association of Nurseries & Garden Centers	In Concept
California Beer and Beverage Distributors ("In Concept")	CALIFORNIA BEER AND BEVERAGE DISTRIBUTORS	In Concept
California Business Properties Association ("In Concept")	CALIFORNIA BUSINESS PROPERTIES ASSOCIATION	In Concept
California Citrus Mutual ("In Concept")	California Citrus Manual	In Concept
California Cotton Ginners Association ("In Concept")	CALIFORNIA COTTON GINNERS AND GROWERS ASSOCIATION	In Concept
California Cotton Growers Association ("In Concept")	California Cotton Growers Association	In Concept
California Credit Union League (CCUL)	National Credit Union League	California Credit Union League
California Farm Bureau Federation ("In Concept")	CALIFORNIA FARM BUREAU FEDERATION	In Concept
California Fig Institute ("In Concept")	California Fig Institute	In Concept
California Grocers Association ("In Concept")	CALIFORNIA GROCERS ASSOCIATION	In Concept
California Grocers Association (CGA)	CALIFORNIA GROCERS ASSOCIATION	In Concept
California Health + Advocates	CALIFORNIA HEALTH ADVOCATES	California Health Advocates
California Independent Oil Marketers Association (CIOMA)	CALIFORNIA INDEPENDENT OIL MARKETERS ASSOCIATION	CIOMA
California Lawyers Association - Family Law Section	California Lawyers Association	California Lawyers Association
California League of Food Processors ("In Concept")	CALIFORNIA LEAGUE OF FOOD PROCESSORS	In Concept
California Lodging Industry Association ("In Concept")	CALIFORNIA LODGING INDUSTRY ASSOCIATION	In Concept
California Norml (UNREG)	CALIFORNIA NORML	NORML
California Nurses Association (prior version)	CALIFORNIA NURSES ASSOCIATION	prior version
California Plant Health Association ("In Concept")	California Plant Health Association	In Concept
California Police Chief Association	California Police Chiefs Association	California Police Chiefs
California Restaurant Association ("In Concept")	The California Restaurant Association (CRA)	In Concept
California State Association of Counties (prior version)	CALIFORNIA STATE ASSOCIATION OF COUNTIES	prior version
California Travel Industry Association ("In Concept")	CALIFORNIA TRAVEL INDUSTRY ASSOCIATION	In Concept
California Women for Agriculture ("In Concept")	California Women for Agriculture	In Concept
Central California Citizens Against Lawsuit Abuse	CITIZENS AGAINST LAWSUIT ABUSE	CALA
City of Stockton Police Department	POLICE DEPARTMENT	Stockton Police
Congress of California Seniors (prior version)	Congress of California Seniors	prior version
County Welfare Directors of California	County Welfare Directors Association of California (CWDA)	CWDA
Crime Victims United of California (CVUC)	Crime Victim's United	Crime Victims United
Department of Health Services (prior version)	DEPARTMENT OF HEALTH SERVICES	Department of Health Services
DIR/Floortime Coalition of California	DIR Floortime Coalition	DIR Floortime Coalition
Edison International and Affiliates, including Southern California Edison	Edison International and Affiliates	Edison International
Far West Equipment Dealers Association ("In Concept")	FAR WEST EQUIPMENT DEALERS ASSOCIATION	Far West Equipment Dealers
Hispanic Chambers of Commerce of San Francisco	Hispanic Chambers of Commerce	Hispanic Chambers of Commerce
Homes for Life Foundation, Los Angeles	Homes for Life Foundation	Homes for Life Foundation
Housing Equality & Advocacy Resource Team (HEART)	HOUSING EQUALITY & ADVOCACY RESOURCE TEAM	Housing Equality HEART
Joint Venture Silicon Valley Network	Joint Venture Silicon Valley	Joint Venture Silicon Valley
League of California Cities ("In Concept")	LEAGUE OF CALIFORNIA CITIES	League of California Cities
Los Angeles Probation Union, AFSCME, Local 685	Los Angeles Probation Union, AFSCME, Local 685	LA Probation Union
Milk Producers Council ("In Concept")	MILK PRODUCERS COUNCIL	Milk Producers Council
National Association of Women Business Owners - California	NATIONAL ASSOCIATION OF WOMEN BUSINESS OWNERS	NAWBO
National Organization for Women (NOW)	NATIONAL ORGANIZATION FOR WOMEN	National Organization for Women
Personal Insurance Federation of CA	Personal Insurance Federation if California	Personal Insurance Federation
Physicians for Social Responsibility - San Francisco Bay Area	Francisco Bay Area Physicians for Social Responsibility	Physicians for Social Responsibility SF
Planned Parenthood of Los Angeles	Planned Parenthood of Los Angeles	Planned Parenthood
Planned Parenthood Shasta Pacific Action Fund	Shasta Pacific Action Fund	Planned Parenthood
Planned Parenthood Shasta-Diablo	Planned Parenthood Shasta-Diablo	Planned Parenthood
Safari Club International, California Chapters	California Chapters of the Safari Club	Safari Club International
San Jose/Silicon Valley Branch of the NAACP	National Association for the Advancement of Colored People (NAACP)	NAACP
San Luis Obispo County District Attorney	San Luis Obispo County District Attorney's Office	San Luis Obispo DA
Sheriff, Los Angeles County	Los Angeles County Sheriff's Department	LA County Sheriff
Skid Row Housing Trust, Los Angeles	SKID ROW HOUSING TRUST	Skid Row Housing Trust
Smart - Transportation Division	California State Legislative Board of Smart - Transportation Division (smart - Td)	SMART Transportation Division
Southern California Contractors Association (SCCA)	Southern CA Contractors Association	Southern California Contractors
STAND! Against Domestic Violence	STAND! Against Domestic	STAND Against Domestic Violence
The California Medical Association	California Medical Association	California Medical Association
United Domestic Workers of America/AFSCME	American Federation of State, County and Municipal Employees (AFSCME)	United Domestic Workers
United Teachers of Los Angeles (UTLA)	UNITED TEACHERS OF LOS ANGELES	United Teachers of Los Angeles
University Council-American Federation of Teachers	University Council-american Federation of Teachers	UC-AFT
Vision Y Compromiso (UNREG)	Vision y Compromiso	Vision y Compromiso
Western Growers Association ("In Concept")	WESTERN GROWERS ASSOCIATION	Western Growers
Western United Dairymen ("In Concept")	WESTERN UNITED DAIRYMEN	Western United Dairymen
Wild Sheep Foundation - California Chapter	California Chapter of the Wild Sheep Foundation	Wild Sheep Foundation
Alameda County District Attorney, Nancy O'Malley	Alameda County District Attorney's Office	Alameda County DA
American Association of University Women-California	AMERICAN ASSOCIATION OF UNIVERSITY WOMEN	AAUW
American Civil Liberties Union - California	American Civil Liberties Union	ACLU
American Clean Power- California	American Clean Power Association	American Clean Power
American Federation of Teachers Guild, Local 1931	AMERICAN FEDERATION OF TEACHERS	AFT
American International Group (AIG)	AMERICAN INTERNATIONAL GROUP	American International Group
API Equality - LA	API Equality LA	API Equality
Associated Builders and Contractors - Central California Chapter	Associated Builders and Contractors Central California Chapter	Associated Builders and Contractors
Associated Builders and Contractors-San Diego Chapter	Associated Builders and Contractors - San Diego Chapter	Associated Builders and Contractors
Barstow	CITY OF BARSTOW	cities
CA Council of Police & Sheriffs	California Council of Police & Sheriffs	California Council of Police & Sheriffs
CA Public Interest Research Group	California Public Interest Research Group	California Public Interest Research Group
CA Retailers Assoc	California Retailers Association	California Retailers Association
CAIR California	Council on American-Islamic Relations	Council on American-Islamic Relations
California Association of Nurse Anesthetists, Inc	CALIFORNIA ASSOCIATION OF NURSE ANESTHETISTS	California Association of Nurse Anesthetists
California Cannabis Industry Association (CCIA)	CALIFORNIA CANNABIS INDUSTRY ASSOCIATION	California Cannabis Industry Association
California Conference of the NAACP	National Association for the Advancement of Colored People (NAACP)	NAACP
California Hawaii State Conference of The NAACP	California State Conference	NAACP
California Labor Federation (prior version)	CALIFORNIA LABOR FEDERATION	California Labor Federation
California Optometric Association (COA)	California Optometric Association	California Optometric Association
California Speech Language Hearing Association	California Speech-Language-Hearing Assoc. (CSHA)	California Speech-Language-Hearing Association
California State Conference of the National Association for the Advancement of Colored	CALIFORNIA STATE CONFERENCE OF THE NATIONAL ASSOCIATION	NAACP
California Tax Reform Association (CTRA)	CALIFORNIA TAX REFORM ASSOCIATION	California Tax Reform Association
California Teachers Association (prior version)	CALIFORNIA TEACHER'S ASSOCIATION	California Teachers Association
CCIA	CALIFORNIA CANNABIS INDUSTRY ASSOCIATION	California Cannabis Industry Association
City of Ontario Police Department	City of Ontario Police	City of Ontario Police
Climate Reality Project, San Fernando Valley Chapter	CLIMATE REALITY PROJECT - SAN FERNANDO VALLEY CHAPTER	Climate Reality Project
Council Member Zach Hilton	City Council Member of Gilroy, Zach Hilton	individuals
Duarte	CITY OF DUARTE	cities
Educators for Excellence - Los Angeles	Educators for Excellences - Los Angeles	Educators for Excellence
Elders Climate Action, Northern California Chapter	Northern California Elders Climate Action	Elders Climate Action
Elected Officials to Protect America - Code Blue	Elected Officials to Protect America Code Blue	Elected Officials to Protect America
Emergency Medical Services Administrators' Association of California (EMSAAC)	Emergency Medical Services Administrator's Association	EMSAAC
Emeryville	CITY OF EMERYVILLE	cities
Frontier	Frontier Communications	Frontier Communications
Gateway Chamber Alliance	GATEWAY CHAMBERS ALLIANCE	Gateway Chambers Alliance
Habitat For Humanity California	Habitat for Humanity	Habitat for Humanity
Health Net (prior version)	HEALTH NET	Health Net
Humboldt County Sheriff's Office	Humboldt County Sheriff's Office	Humboldt County Sheriff's Office
IBEW Local 1245	International Brotherhood of Electrical Workers Local Union 1245	IBEW Local 1245
Indian Valley Indivisibles	Indivisible	Indivisible
Indivisible CA-25 Simi Valley Porter Ranch	Indivisible	Indivisible
Indivisible CA-25 Simi Valley-Porter Ranch	Indivisible	Indivisible
Indivisible CA-29	Indivisible	Indivisible
Indivisible California Statestrong	Indivisible	Indivisible
Indivisible Claremont/Inland Valley	Indivisible	Indivisible
Los Angeles County Probation Officers Union, Afscme Local 685	American Federation of State, County and Municipal Employees (AFSCME)	AFSCME Local 685
Los Angeles NAACP	NAACP Los Angeles Branch	NAACP
Madrone Audubon Society, Sonoma County	Madrone Audubon Society	National Audubon Society
Mazon: a Jewish Response to Hunger	MAZON A Jewish Response to Hunger	MAZON
Military Officers Association- California Council of Chapters	Military Officers Association of America	Military Officers Association of America
Mono County Sheriff's Office	Mono County Sheriff's Department	Mono County Sheriff's Department
NAACP Legal Defense and Educational Fund, Inc	NAACP Legal Defense and Educational Fund	NAACP Legal Defense and Educational Fund
NAMI-CA	NAMI California	NAMI California
National Federation of Independent Business ("In Concept")	NATIONAL FEDERATION OF INDEPENDENT BUSINESS	NATIONAL FEDERATION OF INDEPENDENT BUSINESS
National Organization for Women, California	Califoria National Organization for Women	National Organization for Women California
Nevada County Sheriff's Office	Nevada County Sheriff's Department	Nevada County Sheriff's Department
Orange County Professional Firefighters Association, IAFF Local 3631	Orange County Professional Firefighters Association	Orange County Professional Firefighters Association
Patagonia Inc	Patagonia Surf	Patagonia Surf
Placer County District Attorney	Placer County District Attorney's Office	Placer County District Attorney's Office
Planned Parenthood Affiliates of CA	Planned Parenthood Affiliates of California	Planned Parenthood Affiliates of California
Planned Parenthood Central Coast Action Fund	Planned Parenthood	Planned Parenthood
Planned Parenthood of Santa Barbara, Ventura and San Luis Obispo	Planned Parenthood	Planned Parenthood
Sacramento Audubon Society	National Audubon Society	National Audubon Society
Sacramento County Deputy Sheriffs' Association (SCDSA)	Sacramento County Deputy Sheriff's Association	Sacramento County Deputy Sheriff's Association
San Diego Police Officers Association Inc	SAN DIEGO POLICE OFFICERS ASSOCIATION	San Diego Police Officers Association
San Diego350	350.org	350.org
San Francisco County District Attorney	San Francisco County District Attorney's Office	San Francisco County District Attorney's Office
Sequoia Audubon Society	National Audubon Society	National Audubon Society
Service Employees International Union, Local 1021	Service Employees International Union, Local (SEIU)	Service Employees International Union Local 1021
Slo County YIMBY	YIMBY	YIMBY
Solano County Sheriff's Office	Solano County Sheriff's Office	Solano County Sheriff's Office
Stand Strong LA Indivisible	Indivisible	Indivisible
The Hertz Corporation	HERTZ CORPORATION	Hertz Corporation
Torrance Firefighters Local 1138	International Association of Fire Fighters	Torrance Firefighters
Trusts and Estates Section of the State Bar of	California Lawyers Association	Trusts and Estates Section of the California Lawyers Association
United Cerebral Palsy California	UNITED CEREBRAL PALSY IN CALIFORNIA	United Cerebral Palsy California
United Domestic Workers of America - AFSCME Local 3930	American Federation of State, County and Municipal Employees (AFSCME)	United Domestic Workers of America
United Firefighters of Los Angeles City	International Association of Fire Fighters	United Firefighters of Los Angeles City
United Nurses Associations of California/ Union of Health Care Professionals	American Federation of State, County and Municipal Employees (AFSCME)	United Nurses Associations of California Union of Health Care Professionals
United Nurses Associations of California/Union of Health Care Professionals (UNAC/UHCP)	American Federation of State, County and Municipal Employees (AFSCME)	United Nurses Associations of California Union of Health Care Professionals
Valley Industry Commerce Association	VALLEY INDUSTRY & COMMERCE ASSOCIATION	Valley Industry & Commerce Association
Watereuse California	WateReuse	WateReuse
Work Equity	Work Equity Action Fund	Work Equity Action Fund
Yolo County Sheriff's Office	Yolo County Sheriff's Department	Yolo County Sheriff's Department
Advancing Justice - Asian Law Caucus	ASIAN AMERICANS ADVANCING JUSTICE	Asian Americans Advancing Justice
America's Health Insurance Plans (prior version)	AMERICA'S HEALTH INSURANCE PLANS	America's Health Insurance Plans
American Association of Retired Persons, California	AARP (American Association of Retired Persons)	American Association of Retired Persons
American Association of University Women - San Jose	Aauw San Jose Branch	AAUW San Jose Branch
American Civil Liberties Union of CA	American Civil Liberties Union of California	American Civil Liberties Union of California
American Civil Liberties Union of California (prior version)	American Civil Liberties Union of California	American Civil Liberties Union of California
American Federation of State, County and Municipal Employees, Local 2620	American Federation of State, County and Municipal Employees (AFSCME)	afscme
American Society of Civil Engineers - Region 9	American Society of Civil Engineers (ASCE) Region 9	asce_region9
American Subcontractors Association - California	American Subcontractors Association, California Chapter	asa_california
Anti-recidivism Coalition (UNREG)	ANTI-RECIDIVISM COALITION	anti_recidivism
Asian Americans Advancing Justice - Sacramento	ASIAN AMERICANS ADVANCING JUSTICE	aaaj
Asian Americans Advancing Justice California	ASIAN AMERICANS ADVANCING JUSTICE	aaaj
Asian Pacific Islander American Health Forum	Asian & Pacific Islander American Health Forum (APIA HF)	apia_health
Associated Builders and Contractors of California (ABC)	Associated Builders and Contractors	abc_builders
Associated General Contractors Of California	ASSOCIATED GENERAL CONTRACTORS	agc
Association of California Life and Health Insurance Companies (prior version)	Ass'n. of California Life and Health Insurance Companies	acl_health_ins
Association of Los Angeles County Deputy Sheriffs	Association for Los Angeles Deputy Sheriffs, Inc. (ALADS)	alads
Cair California	Council on American-Islamic Relations	cair
CAL FIRE, Local 2881	Local 2881	calfire_2881
California Association of Health Underwriters (prior version)	Association of Health Underwriters	cahu
California Association of Public Authorities for Ihss	CALIFORNIA ASSOCIATION OF PUBLIC AUTHORITIES FOR IHSS (CAPA)	capa_ihss
California Chapter of the American Fence Contractors	AMERICAN FENCE CONTRACTORS' ASSOCIATION	american_fence
California Department of Motor Vehicles	DEPARTMENT OF MOTOR VEHICLES	dmv
California Healthcare Association (prior version)	CALIFORNIA HEALTHCARE ASSOCIATION	cha
California Hispanic Chambers Of Commerce	Hispanic Chambers of Commerce	hispanic_chambers
California League of Conservation Voters (prior version)	CALIFORNIA LEAGUE OF CONSERVATION VOTERS	clcv
California Manufacturers &Technology Association	CALIFORNIA MANUFACTURERS & TECHNOLOGY ASSOCIATION	cmta
California Office of the Attorney General	ATTORNEY GENERAL'S OFFICE	ag_office
California State Council of Service Employees International Union (SEIU)	State Council of Service Employees	seiu_state_council
Causa Justa :: Just Cause	CAUSA JUSTA: JUST CAUSE	causa_justa
CFT, AFT, AFL-CIO	California Federation of Teachers	cft
City of Fremont Police Department	Fremont Police Department, Animal Services Unit	fremont_pd
Climate Reality Project, Silicon Valley Chapter	CLIMATE REALITY PROJECT - SILICON VALLEY CHAPTER	climate_reality_sv
Coalition of California Utility Employees (CUE)	COALITION OF CALIFORNIA UTILITY EMPLOYEES	cue
Common CAUSE - California	Common Cause	common_cause
Community Overcoming Relationship Abuse (CORA)	COMMUNITY OVERCOMING RELATIONSHIP ABUSE	cora
County Alcohol and Drug Program Administrators of California	California Alcohol and Drug Program Administrators	cadpaac
Department of Finance (previous version)	CALIFORNIA DEPARTMENT OF FINANCE	dof
Fiona Ma - California State Treasurer	CALIFORNIA STATE TREASURER	state_treasurer
Friends Committee on	FRIENDS COMMITTEE ON LEGISLATION	friends_committee
Girls Incorporated of Orange County	Girls Inc	girls_inc_oc
Human Rights/Fair Housing Commission of the City and County: of Sacramento	Human Rights/Fair Housing Commission of the City and County of Sacramento	hrfh_sacramento
IATSE Local 600	International Cinematographers Guild, IATSE	iatse_600
IATSE Local 695	INTERNATIONAL ALLIANCE OF THEATRICAL STAGE EMPLOYEES	iatse_695
IATSE Local 705	INTERNATIONAL ALLIANCE OF THEATRICAL STAGE EMPLOYEES	IATSE
IATSE Local 728	INTERNATIONAL ALLIANCE OF THEATRICAL STAGE EMPLOYEES	IATSE
IATSE Local 884	INTERNATIONAL ALLIANCE OF THEATRICAL STAGE EMPLOYEES	IATSE
Indivisible 43	Indivisible	Indivisible
Indivisible Ca-25 Simi Valley Porter Ranch	Indivisible	Indivisible
Indivisible California	Indivisible	Indivisible
Indivisible Resistance San Diego	Indivisible	Indivisible
Indivisible San Diego Central	Indivisible	Indivisible
International Brotherhood of Electrical Workers Local 11	INTERNATIONAL BROTHERHOOD OF ELECTRICAL WORKERS	IBEW
Jewish Community Relations Council (SACRAMENTO)	JEWISH COMMUNITY RELATIONS COMMITTEE	Jewish Community Relations
Jewish War Veterans, Department of California	Jewish War Veterans of the USA	Jewish War Veterans
Judicial Counsel of California	JUDICIAL COUNCIL	Judicial Council
King City	CITY OF KING	city
La Palma	CITY OF LA PALMA	city
Lawyers' Committee for Civil Rights of San Francisco Bay Area	Lawyers' Committee for Civil Rights of the San Francisco Bay Area	Lawyers Committee Civil Rights
Lodi	CITY OF LODI	city
Los Angeles Citizens Against Lawsuit Abuse	CITIZENS AGAINST LAWSUIT ABUSE	Citizens Against Lawsuit Abuse
Los Angeles County Sheriff Sherman Block	County of Los Angeles Sheriff's Department - Sherman Block	LA Sheriff
Los Angeles Indivisible	Indivisible	Indivisible
Los Angeles Sheriff	Los Angeles County Sheriff's Department	LA Sheriff
Los Angeles Unified School District Board of Education	LOS ANGELES UNIFIED SCHOOL DISTRICT	LAUSD
Madrone Audubon Society	National Audubon Society	Audubon
Marin Audubon Society	National Audubon Society	Audubon
Mill Valley	CITY OF MILL VALLEY	city
Millbrae	CITY OF MILLBRAE	city
Mission Readiness	Mission Readiness - Military Leaders for Kids	Mission Readiness
Montclair	CITY OF MONTCLAIR	city
Morro Coast Audubon Society	National Audubon Society	Audubon
Mt. Diablo Audubon Society	National Audubon Society	Audubon
National Federation of Independent Business/California	NATIONAL FEDERATION OF INDEPENDENT BUSINESS	NFIB
National Multiple Sclerosis Society-California Action Network	NATIONAL MULTIPLE SCLEROSIS SOCIETY	National MS Society
Normal Heights Indivisible	Indivisible	Indivisible
North Valley Property Owners Association (Chico)	NORTH VALLEY PROPERTY OWNERS' ASSOCIATION	North Valley Property Owners
Orange County Sheriff-Coroner	Orange County Office of the Sheriff-Coroner	OC Sheriff
Pacific Grove	City of Pacific Grove	city
People's Self-Help Housing	People's Self-Help Housing, San Luis Obispo	Peoples Self-Help Housing
Physicians for Social Responsibility - LA	PHYSICIANS FOR SOCIAL RESPONSIBILITY	PSR
Pinole	CITY OF PINOLE	city
Planned Parenthood Advocacy Project Los Angeles	Planned Parenthood Advocacy Project Los Angeles County	Planned Parenthood
Planned Parenthood Affiliates	Planned Parenthood Affiliates of California	Planned Parenthood
Police Officers Research Association of California (PORAC)	Officers Research Association of California (PORAC)	PORAC
Reproductive Freedom for All CA	National Abortion Rights Action League	NARAL
San Diego Regional Chamber	San Diego Regional	San Diego Regional Chamber
San Francisco Fire Fighters, Local 798	International Association of Fire Fighters	IAFF
Santa Barbara District Attorney	District Attorneys	district attorneys
Service Employees International Union, Local 1877	Service Employees International Union (SEIU)	seiu
Sheriff-Coroner of San Bernardino County	San Bernardino County Sheriff Department	san bernardino sheriff
Silicon Valley Debug	SILICON VALLEY DE-BUG	silicon valley de-bug
Siskiyou County Sheriff's Department	Siskiyou County Sheriff's Office	siskiyou sheriff
Southern California Association of Non-Profit	SOUTHERN CALIFORNIA ASSOCIATION OF NON-PROFIT HOUSING	scanph
Su Casa - Ending Domestic Violence	SU CASA - ENDING DOMESTIC VIOLENCE, LONG BEACH	su casa
Superintendent of Public Instruction Tony Thurmond	Superintendent of Public Instruction	superintendent public instruction
The California Veterinary Medical Association	CALIFORNIA VETERINARY MEDICAL ASSOCIATION	cvma
The Climate Reality Project Los Angeles Chapter	CLIMATE REALITY PROJECT LOS ANGELES CHAPTER	climate reality la
The Climate Reality Project, Bay Area Chapter	CLIMATE REALITY PROJECT BAY AREA CHAPTER	climate reality bay area
The Climate Reality Project, San Fernando Valley	CLIMATE REALITY PROJECT - SAN FERNANDO VALLEY CHAPTER	climate reality sfv
The County Welfare Directors Association of California	County Welfare Directors Association of California (CWDA)	cwda
Union (SEIU)	Service Employees International Union (SEIU)	seiu
United Chamber Advocacy Network (UCAN)	UNITED CHAMBER ADVOCACY NETWORK	ucan
United Domestic Workers of America - AFSCME Local 3930/AFL-CIO	United Domestic Workers of America - AFSCME	udw afscme 3930
Usgbc California	USGBC California	usgbc california
Veterans of Foreign Wars-Department of California	Veterans of Foreign Wars - Department of California (VFW)	vfw dept california
Wal-Mart	Wal-Mart Stores	walmart
Westside Council of Chambers of Commerce (WC3)	WESTSIDE COUNCIL OF CHAMBERS OF COMMERCE	westside council chambers
Yimby Los Angeles	YIMBY	yimby
AFSCME Retirees Chapter 36	AFSCME Retirees Chapter 36	afscme retirees 36
Alameda County District Attorney Nancy E. O'Malley	Alameda County District Attorney	alameda county da
Alameda County Flood Control and Water Conservation District, Zone 7	Alameda County Flood Control & Water Conservation District	alameda flood control zone 7
American Association of University Women San Jose	Aauw San Jose Branch	aauw san jose
American Civil Liberties Union California	American Civil Liberties Union of California	aclu california
American College of Emergency Physicians - California Chapter	AMERICAN COLLEGE OF EMERGENCY PHYSICIANS	acep california
American College of Obstetricians and Gynecologists, District IX California	American College of Obstetricians and Gynecologists, District IX (ACOG-IX)	acog ix
American Federation of State, County and Municipal Employees, AFL-CIO (co	American Federation of State, County and Municipal Employees (AFSCME)	afscme
American Institute of Architects, California Council (AIACC)	The American Institute of Architects, California Council	aiacc
Asian Americans Advancing Justice- California	ASIAN AMERICANS ADVANCING JUSTICE	asian americans advancing justice
Associated Builders and Contractors, Inc. - Northern California Chapter	Associated Builders and Contractors Northern California Chapter	abc northern california
Bay Area LISC	LISC	lisc bay area
Bend the Arc Jewish Action	BEND THE ARC: JEWISH ACTION	bend the arc jewish action
BOE Member Fiona Ma	Board of Equalization Member	board of equalization member fiona ma
CA-Nevada Conference of Operating Engineers	CALIFORNIA-NEVADA CONFERENCE OF OPERATING ENGINEERS	california nevada conference of operating engineers
California Association of Health Underwriters (CAHU)	National Association of Health Underwriters	california association of health underwriters
California Attorney Generalos Office	California Attorney General, Department of Justice	california attorney general office
California Court Reporters Association (CCRA)	NATIONAL COURT REPORTERS ASSOCIATION	california court reporters association
California Land Title Association (CLTA)	American Land Title Association	california land title association
California Lawyers Association, Trusts and Estates Section	California Lawyers Association	california lawyers association trusts and estates section
California League of Women Voters	League of Women Voters of California	league of women voters of california
California Manufacturing Technology Association	CALIFORNIA MANUFACTURERS & TECHNOLOGY ASSOCIATION	california manufacturers and technology association
California Primary Care Association (prior version)	CALIFORNIA PRIMARY CARE ASSOCIATION	california primary care association
California Professional Firefighters (prior version)	California Professional Firefighters (CPF)	california professional firefighters
California Solar Energy Industries Association (CALSEIA)	CalSEIA	california solar energy industries association
California State Association of Counties ("In Concept")	CALIFORNIA STATE ASSOCIATION OF COUNTIES	california state association of counties
California Student Public Interest Research Group	Public Interest Research Group	california student public interest research group
California/Nevada Conference of Operating Engineers	CALIFORNIA-NEVADA CONFERENCE OF OPERATING ENGINEERS	california nevada conference of operating engineers
CALPIRG (prior version)	California Public Interest Research Group	california public interest research group
CCNMA: Latino Journalists of California	CCNMA Latino Journalists of California	ccnma latino journalists of california
Central American Resource Center - Carecen - of California	CARECEN - Central American Resource Center	central american resource center carecen
CFT-A Union of Educators & Classified Professionals, AFT, AFL-CIO	California Federation of Teachers	california federation of teachers
Chicano Latino Caucus of the California Democratic Party	CALIFORNIA DEMOCRATIC PARTY	chicano latino caucus california democratic party
Citizens Commission on Human Rights, Los Angeles/Hollywood Chapter	Citizens Commission on Human Rights of Los Angeles	citizens commission on human rights los angeles
Contra Costa County Sheriff's Office	Contra Costa County Sheriff's Office	contra costa county sheriffs office
Crime Victims United California	Crime Victim's United	crime victims united california
Defending Our Future: Indivisible in CA	Indivisible	defending our future indivisible in ca
Defending Our Future: Indivisible in Ca	Indivisible	defending our future indivisible in ca
Desert Aids Project D/b/a Dap Health	Desert Aids Project - DAP Health	desert aids project dap health
District Attorney of Alameda County	District Attorneys	district attorney alameda county
District Attorney, Orange County	District Attorneys	district attorney orange county
District Attorney, Sacramento County	District Attorneys	district attorney sacramento county
El Dorado County Sheriff's Office	El Dorado County Sheriff's Office	el dorado county sheriffs office
Elders Climate Action, Southern California Chapter	Elders Climate Action	elders climate action southern california
First 5 Association of CA	First 5 Association of California	first 5 association of california
Fresno County Sheriff's Department	Fresno County Sheriff's Office	fresno county sheriffs office
Fresno County Sheriff's Office	Fresno County Sheriff's Office	fresno county sheriffs office
Glendale Yimby	YIMBY	glendale yimby
Health Access California (prior version)	Health Access California	health access california
Health Officers of California	Health Officers Association of California	health officers association of california
IATSE Local 44	INTERNATIONAL ALLIANCE OF THEATRICAL STAGE EMPLOYEES	iatse local 44
IATSE Local 729	INTERNATIONAL ALLIANCE OF THEATRICAL STAGE EMPLOYEES	iatse local 729
Indivisible CA 37	Indivisible	indivisible ca 37
Indivisible CA Green Team	Indivisible	indivisible ca green team
International Brotherhood of Electrical Workers (IBEW)	INTERNATIONAL BROTHERHOOD OF ELECTRICAL WORKERS	ibew
Kennedy Commission, Irvine	KENNEDY COMMISSION	kennedy commission
Long Beach Fire Fighters, Local 372	City of Long Beach Fire Department	long beach fire fighters
Long Beach YIMBY	LONG BEACH YIMBY	long beach yimby
Los Angeles County Probation Managers Association Afscme Local 1967	Los Angeles County Probation Managers Association, AFSCME	la probation managers afscme
Monterey County District Attorney's Office - ODA - Salinas, CA	Monterey County District Attorney	monterey county da
Monterey County Sheriff's Office	Monterey County Sheriff-Coroner	monterey county sheriff
NAACP, California State Conference	NAACP California Hawai'i State Conference	naacp ca state conference
NARAL Pro Choice California	NARAL Pro-Choice California	naral pro choice california
National Association of Insurance and Financial Advisors, California	National Association of Insurance and Financial Advisors of California (NAIFA-CA)	naifa ca
National Audubon Society-California	National Audubon Society	national audubon society ca
National Council of Jewish Women/Los Angeles	National Council of Jewish Women Los Angeles Section	ncjw los angeles
Northern California District Council of The International Longshore and Warehouse Union (ILWU)	INTERNATIONAL LONGSHORE AND WAREHOUSE UNION	ilwu
Office of the District Attorney of San Diego County	DISTRICT ATTORNEY OF SAN DIEGO	san diego da
Office of the San Diego District Attorney	OFFICE OF THE SAN DIEGO DISTRICT ATTORNEY	san diego da
Orange County Sheriff's Office	Orange County Sheriff's Department	orange county sheriff
Pasadena Fire Fighters Local 809	Pasadena Fire Fighters	pasadena fire fighters
Peoples' Self-Help Housing Corp	People's Self-Help Housing, San Luis Obispo	peoples self help housing
Planned Parenthood of Mar Monte	Planned Parenthood of Mar Monte	planned parenthood mar monte
Planned Parenthood of Shasta-Diablo	Planned Parenthood of Shasta-Diablo	planned parenthood shasta diablo
Protection of the Educational Rights of Kids - Advocacy	Protection of the Educational Rights for Kids	perk advocacy
Sacramento Area Firefighters Local 522	Sacramento Area Firefighters	sacramento area firefighters
San Diego Chief of Police	City of San Diego Chief of Police	san diego chief of police
San Diego City Fire Fighters	San Diego City Fire Fighters, Local 145	san diego city fire fighters
San Diego County Sheriff's Office	San Diego County Sheriff's Department	san diego county sheriff
San Fernando Valley YIMBY	SAN FERNANDO VALLEY YIMBY	san fernando valley yimby
San Francisco Fire Fighters	San Francisco Fire Fighters Local 798	san francisco fire fighters
San Joaquin Audubon Society	National Audubon Society	san joaquin audubon
San Jose - Evergreen Community College District	SAN JOSE EVERGREEN COMMUNITY COLLEGE DISTRICT	san jose evergreen ccd
Santa Barbara County Sheriff's Office	Santa Barbara County Sheriff's Department	santa barbara county sheriff
SEIU Local 721	SEIU Local 721	seiu local 721
Service Employees International Union (SEIU California)	SEIU California	seiu california
Service Employees International Union of California	Service Employees International Union of California, AFL-CIO	seiu_california
STAND! For Families Free of Violence	Stand for Families Free of Violence	stand_families
State Department of Forestry Firefighters	California Department of Forestry Firefighters Association	cdf_firefighters
Sunrise Movement - Los Angeles	Sunrise Movement Los Angeles	sunrise_la
The California Academy of Family Physicians	California Academy of Family Physicians (CAFP)	cafp
The California Bankers Association	California Bankers Association	ca_bankers
The Center Orange County	LGBT Center Orange County	lgbt_center_oc
The Education Trust West	Education Trust-West	education_trust_west
The Legal Aid Society-Employment Law Center	Employment Law Center-Legal Aid Society	elc_las
Tuolumne County Sheriff's Department	SHERIFF	sheriff
Union of American Physicians and Dentists/AFSCME-Local 206	Union of American Physicians and Dentists	uapd
Unitarian Universalist Legislative Ministry California	Unitarian Universalist Justice Ministry of California (formerly Unitarian Universalist Legislative Ministry of California)	uu_ministry_ca
UNITE HERE! AFL-CIO	UNITE HERE!	unite_here
United Domestic Workers of America (UDW)	American Federation of State, County and Municipal Employees (AFSCME)	afscme
Ventura County Office of the District Attorney	Ventura County District Attorneys Association	ventura_da
Ventura County Office of The District Attorney	Ventura County District Attorneys Association	ventura_da
ACLU of Northern California	American Civil Liberties Union	aclu
ACLU of Southern California	American Civil Liberties Union	aclu
Agency on Aging \ Area 4	AGENCY ON AGING/AREA 4	aaa_area4
Alliance of Californians for Community Empowerment (acce Action)	Alliance for Californians for Community Empowerment	acce
American Academy of Pediatrics-California	American Academy of Pediatrics, CA District (AAP-CA)	aap_ca
American Cancer Society - Cancer Action Network	American Cancer Society Cancer Action Network (ACS CAN)	acs_can
American Civil Liberties Union (prior version)	American Civil Liberties Union	aclu
American College of Obstetricians and Gynecologists-District IX	American College of Obstetricians and Gynecologists - District IX	acog_ix
American Institute of Architects-California Council	American Institute of Architects - AIA California Council	aia_ca
American Lung Association In California	American Lung Association of California (California Thoracic)	ala_ca
American Nurses' Association\California	American Nurses Association - California	ana_ca
American Planning Association, California	American Planning Association, California Chapter (APACA)	apa_ca
American Planning Association-California	American Planning Association, California Chapter (APACA)	apa_ca
American Subcontractors Association, California	American Subcontractors Association, California Chapter	asa_ca
Apartment Association California Southern Cities (Long Beach)	Apartment Association California Southern Cities, Long Beach	aasc_lb
Asian Americans Advancing Justice - CA	ASIAN AMERICANS ADVANCING JUSTICE	aaaj
Associated Builders and Contractors - Northern California Chapter	Associated Builders and Contractors Northern California Chapter	abc_norcal
Audubon CA	National Audubon Society	audubon
Biodiversity First	BIODIVERSITY FIRST!	biodiversity first
CA Credit Union League	Credit Union League	credit union league
CA Medical Assoc	California Medical Association	california medical association
CA Organization of Police and Sheriffs	ORGANIZATION OF POLICE AND SHERIFFS	organization of police and sheriffs
CA Psychiatric Association	The California Psychiatric Association (CPA)	california psychiatric association
California Attorneys for Criminal Justice (THIS ANALYSIS REFLECTS AUTHOR'S AMENDMENTS TO BE OFFERED IN COMMITTEE.)	California Attorneys for Criminal Justice (logo)	california attorneys for criminal justice
California City	City of California City	california city
California Clinical Laboratory Association (CCLA)	Clinical Laboratory Association	california clinical laboratory association
California Federation of Teachers AFT, AFL-CIO	California Federation of Teachers	california federation of teachers
California Psychiatric Association (CPA)	The California Psychiatric Association (CPA)	california psychiatric association
California Public Interest Research Group (CALPIRG) Students	California Public Interest Research Group	california public interest research group
California Rifle & Pistol Association, Inc	Calif. Rifle and Pistol Association	california rifle and pistol association
California Secretary of State, Alex Padilla	SECRETARY OF STATE	secretary of state
California Society of Association Executives (CalSAE)	California Society of Association Executives	california society of association executives
California State Conference NAACP	National Association for the Advancement of Colored People (NAACP)	naacp
California State Legislative Board, Sheet Metal, Air, Rail and Transportation	CA State Legislative Board, Sheet Metal, Air, Rail and Transportation Workers	state legislative board sheet metal air rail transportation
California Water Agencies	ASSOCIATION OF CALIFORNIA WATER AGENCIES	association of california water agencies
Children (LA-NACC)	Association of Counsel for Children (LA/NACC)	association of counsel for children la nacc
City of Burbank Police Department	Burbank Police	burbank police
City of Burbank/Burbank Redevelopment Agency	Burbank/burbank Redevelopment Agency	burbank redevelopment agency
City of Fresno Police Department	Fresno Police	fresno police
City of Monrovia Police Department	Monrovia Police	monrovia police
Council on American-Islamic Relations - California	Council on American-Islamic Relations	council on american islamic relations
Courage California (prior version)	COURAGE CALIFORNIA	courage california
Courage Campaign (prior version)	COURAGE CAMPAIGN	courage campaign
Delano	CITY OF DELANO	city of delano
Deputy Sheriffs Association of San Diego	San Diego County Deputy Sheriffs' Association	san diego county deputy sheriffs association
District Attorney of San Francisco	San Francisco District Attorney	san francisco district attorney
Election Integrity Project California, Inc. (prior version)	Election Integrity Project California	election integrity project california
Engineering Contractors' Association (ECA)	ENGINEERING CONTRACTORS ASSOCIATION	engineering contractors association
Fair Political Practices Commission (prior version)	FAIR POLITICAL PRACTICES COMMISSION	fair political practices commission
Feminists in Action Los Angeles (Indivisible CA 34 Womens)	Feminists in Action	feminists in action
Glenn County Sheriff's Office	Glenn County Sheriff's Office	glenn county sheriffs office
