extracted_org	num_fragments
Opponents	72
opponents	29
CEA	11
CPA	11
UC and CSU	11
the opposition	11
Supporters	11
CAA	10
a coalition of organizations	9
Finance	7
Health plans and insurers	7
Proponents	6
CRA	6
The Chamber	6
the Board	6
California Supreme Court	5
PAI	5
ACIP	5
The Council	5
The opponents	5
Supreme Court	5
Legislature	5
business groups	5
these organizations	5
undersigned organizations	5
individuals	5
environmental organizations	5
a coalition of environmental groups	5
BPH	5
numerous organizations	5
Standards Board	4
DJJ	4
Insurers	4
the Legislature	4
Assembly Appropriations Committee	4
CMHDA and CSAC	4
the Chamber	4
DJF	4
LWIA boards	4
City Council	4
CSSA	4
CPCA	4
Assembly Committee on Business and Professions	4
The carriers	4
CCUL	4
the Department	4
numerous individuals	4
CPF	4
The Legislature	3
organizations	3
Other opponents	3
Our organizations	3
CAHP and ACLHIC	3
CURES	3
property owners	3
Classy	3
IC	3
San Quentin	3
insurance industry	3
SCIF	3
MICA	3
Several groups	3
ERIC	3
MPAA	3
ALRB	3
CSA	3
These organizations	3
The sponsors	3
EBMUD and ACWA	3
a coalition	3
a coalition of environmental organizations	3
The Controller	3
The opposition	3
law enforcement	3
a coalition of business groups	3
California Chamber of Commerce and TechNet	3
supporters	3
opposition	3
higher education advocates	3
Business groups	3
CARA	3
CIO	3
City	3
American Association of Law Schools	3
DOSH	2
Bureau of Environmental Health Management	2
WCAB	2
oil industry	2
Administration for Community Living	2
health care providers	2
L.A. Police Protective League (PPL)	2
Senate Floor Analysis	2
CSNO	2
ORA	2
WECA-IEC	2
other organizations	2
Our organization	2
our organizations	2
Senate Committee on Appropriations	2
Department of Child	2
POST	2
CSIA	2
The author	2
Premier	2
Privacy advocates	2
CAJPA	2
Proponents of the bill	2
CFC	2
Centers for Disease Control and Prevention	2
Youth Authority	2
public employers	2
HFP	2
RDAs	2
CCLHO	2
Committee	2
Disney	2
NFVLRC	2
Recycling & Resource Recovery, Inc.	2
TCAC	2
Secretary of Food and Agriculture	2
Sacramento	2
several individuals	2
several environmental advocacy organizations	2
several local governments	2
GOC	2
Governor's Scholars Program	2
CCLT	2
CPOC	2
transportation authorities	2
The Treasurer	2
Senate Appropriations	2
California Legislature	2
Assembly Public Safety Committee	2
DWC	2
IHRSA	2
L.A. Unified School District	2
CAAA	2
League	2
industry groups	2
State Department of Public Health	2
USPS Citizens Stamp Advisory Committee	2
the author	2
These groups	2
The proponents	2
AKC	2
Labor Enforcement Task Force	2
Metro	2
SEC	2
California State Senate	2
trade associations	2
California Constitutional Revision Commission	2
GWI	2
VCTC	2
California Medical	2
CENA	2
Water Agencies	2
DFPI	2
California Chamber of Commerce and the Western States Petroleum Association	2
CSU Board of Trustees	2
CCY	2
SCRHA	2
Legislative Analyst's Office (LAO)	2
The Board	2
Senate Local	2
BPPE	2
a broad coalition	2
Wine Institute of California	2
agricultural organizations	2
a coalition of businesses in the debt collection industry and business trade associations	2
a coalition of civil rights groups and disability advocates	2
ACLU California Action, Disability Rights California, the National Organization for Women	2
a coalition of consumer groups	2
a coalition of environmental and environmental justice organizations	2
CalChamber, TechNet, Internet Association, and Civil Justice Association	2
Western Center on Law and Poverty, Housing California, and ACLU California Action	2
TechNet, CalChamber, the California Newspaper Publishers Association, and the Association of Magazine Media	2
Computer & Communications Industry Association, California Chamber of Commerce, and TechNet	2
a coalition of opponents	2
a coalition of supporters	2
California Special Districts Association, the California State Association of Counties, the League of California Cities	2
a number of other organizations	2
AAI	2
the District	2
The National	2
CBH	2
Administration officials	2
ACWA and the Regional Council of Rural Counties	2
The sponsor	2
Alliance	2
Centers for Medicare and Medicaid Services	2
NNPA	2
American Academy of Emergency Medicine (AAEM)	2
ISRI	2
individual dentists	2
other supporters	2
others	2
CCCA	2
numerous letters from homebrewers throughout the State	2
CalCAP	2
SBE	2
HJTA	2
Assembly Insurance	2
ARC	2
US EPA	2
Pacific Coast Renderers Association and the California Grain and Feed Association	2
California Chamber of Commerce and the California Retailers Association	2
California Association of Local Behavioral Health Boards and Commissions (CALBHBC)	2
Athens Research	2
Mayor Villaraigosa	2
Medicare	2
Western	2
CRPA	2
CA/HI NAACP	2
California-licensed physicians	2
International Trade Administration	2
CalEMA	2
CDSA	2
Counties	2
Chamber	2
Chemistry Council	2
consumer groups	2
Northwest Coalition for Alternatives	2
CRD	2
Defenders Association	2
Employers and insurers	2
CBP	2
NAPWDA	2
CCIR	2
California's PaintCare Program	2
ART	2
Landesverband	2
TVHD	2
SSCCC	2
ARB and the Energy Commission	2
Health plans and health insurers	2
health plans and insurers	2
the sponsor	2
FBI	2
other labor organizations	2
coalition of environmental organizations	2
water agencies	2
Many municipal utilities	2
The AAA Clubs	2
numerous individual hospitals and the California Hospital Association (CHA)	2
proprietors of skateboard and in-line skate shops	2
numerous tribes	1
Numerous veterinarians and environmental organizations	1
California hospitals	1
Nursing facility operators	1
California Community	1
O'Malley	1
Environmental Defense Center of Santa	1
Pinkerton	1
Governor's Office of Business and Economic Development (GO-Biz)	1
Court of Appeals	1
California Association of Wheat	1
Guayaki Sustainable Rainforest	1
prominent California businesses	1
Realtors and Managers Association	1
Fidelity Corporation	1
physicians	1
Taxpayer Advocates	1
Antelope Valley Fairgrounds EE and PV Synergy Demonstration Project	1
State Legislature	1
UCLA Department of Ophthalmology	1
Academic Volunteer and Mentor	1
Office of Administrative Services	1
Office of the Sheriff in Los Angeles County	1
Olive Elementary School, Novato Unified School District	1
nearly 220-member credit unions in California	1
the civil litigators they represent	1
Alameda County D.A.	1
JNE Commission	1
California Vehicle Code	1
Cal-EMA	1
Operators of DMS facilities	1
CalChamber, biotechnology and manufacturing companies	1
school management groups	1
family members of current DC residents	1
nonprofit blood banks	1
numerous public and private water	1
associations representing the oil	1
Jobs Center Housing	1
San Francisco Women's	1
fishing enthusiasts	1
cities	1
members of the Long Term Care	1
California News Publishers Association, California Black Media, Ethnic Media Services, and Howard Jarvis Taxpayers Association	1
CalChamber and other business organizations	1
Association of California School Administrators (ACSA) and EdVoice	1
opponents of utility projects	1
health insurance companies and associations and business organizations	1
CACJ, the ACLU, and the California Public	1
CALPIRG and the Center for Food	1
Consumers Union and The Foundation for Taxpayer and Consumer Rights	1
pharmaceutical manufacturers and the Chamber of Commerce	1
several contractor	1
California Taxpayers Association and the California Association of Health Services at Home	1
L.A. Police Protective League (PPL) and the Riverside Sheriffs' Association	1
League of California Cities, California State Association of Counties	1
SCAQMD Board	1
state peace officers and the police chiefs associations	1
those charities	1
associations of otolaryngologists (ear, nose, and throat - ENT -- physicians) and individual ENTs	1
associations of otolaryngologists (i.e., ear, nose, and throat - ENT physicians) and individual ENTs	1
business-oriented associations	1
health insurance brokers	1
local governments and trade groups	1
private contractors	1
Northern California Water	1
numerous business	1
Motion Picture	1
PUC and SDG&E	1
FQHCs	1
opposition coalition	1
insurers	1
County Behavioral Health Directors Association and treatment centers	1
California's nonprofits	1
optometric professional corporations and Independent Practice Groups	1
COEs	1
New York ACLU	1
Healthy Families program	1
Philippine Scouts	1
Orange County and Los Angeles County	1
Organization for Women (CA NOW)	1
organization of neighborhood electric vehicle (NEV) enthusiasts	1
organization representing community college governing boards	1
organization that represents most SCIF employees	1
organizations and associations representing the debt settlement industry	1
organizations and individuals supporting research and use of alternative	1
organizations and others who have an interest in protecting the state's	1
California Youthbuild	1
organizations and waste disposal companies	1
consumer advocates, labor organizations, and health plans	1
organizations dedicated to ecosystem and wildlife conservation	1
organizations in the Sacramento region	1
BSA National	1
Organizations of Area Boards of Developmental Disabilities	1
Organizations representing business groups and employers	1
organizations representing business interests	1
Organizations representing businesses	1
Organizations representing cigar and smokeless tobacco manufacturers	1
organizations representing commercial drivers or who employ them	1
organizations representing communities of color	1
Organizations representing consumers and low-income Californians	1
Organizations representing motorsports vehicle	1
Organizations representing physicians and physician specialty groups	1
organizations representing realtors, cities, the building	1
organizations that provide free legal services to the poor	1
organizations that work to protect mountain lions and their habitats	1
organizations to provide free or low cost legal assistance, counseling, referral services or direct benefits	1
organizations to provide health care providers	1
organizations who advocate for abortion rights	1
the Conference	1
conservation organizations and local governments	1
environmental groups, and Imperial County interests	1
League of California	1
original supporters of AB 1755	1
OSHSB	1
OST and the Monterey Bay Aquarium Foundation (MBAF)	1
OSTC	1
oStrike Backo	1
other advocates for the elderly and disabled	1
Other cities	1
other health care provider groups	1
Other insurer associations	1
other labor groups	1
Campaign for California Families and the Committee on Moral Concerns	1
other physician groups	1
other providers	1
other public employers	1
other retail outlets	1
other state agencies	1
Association of California School Administrators (CASA)	1
Our diverse coalition of health care providers	1
Our diverse Jewish organizations	1
Our Individual Subsidized Child Care Pilot	1
our nine card clubs	1
our Tribe	1
Connecticut House of Representatives and Senate	1
Over 100 organizations	1
Chinese Consolidated Benevolent Association of San Francisco	1
California Future of Abortion Council	1
Over 600 Primary Care Clinics across California	1
over fifteen FQHCs	1
K12 Strong Workforce program	1
over two-dozen public utilities	1
Department of the Youth Authority and the Division of Juvenile Facilities	1
Pain Foundation	1
State Department of Agriculture's Division of Fairs and Expositions	1
Lendify	1
Calvia	1
Pari-mutuel clerks	1
Park and Recreation Agencies or Commissions	1
California Institute of Technology, Stanford University, the University of California and the University of Southern California	1
Superintendent OConnell	1
PAs and orthopedic surgeons	1
The Club	1
AHA	1
Patton State Hospital	1
GAO	1
peace officers and sheriffs	1
Lucile Packard Children's Hospital at Stanford University Medical Center	1
Pension Protection Coalition	1
Craig's List	1
SCI	1
Senate Health and Human Services	1
National Council on State Legislatures	1
Senate Elections & Constitutional Amendments Committee	1
performing arts organization	1
pet grooming and retailer industry	1
pet grooming industry	1
Matson Shipping Line	1
PH	1
Pharmaceutical companies and their trade groups	1
Phlebotomists	1
numerous individual traffic schools	1
physician groups and other health care providers	1
Board	1
ACLHIC and CAHP	1
The Foundation Fighting Blindness	1
28 letters from cities	1
Locals 101, 120, 135, 839, 1179, 1442	1
Locals 373, 839, 870, 1179	1
The submitting agencies	1
Director of Corrections	1
a few dozen	1
ACHC	1
the commission	1
Kraft Corporation	1
P&A	1
Poway	1
the opponent	1
They	1
National Institute of Justice and the ABA	1
Prepaid Telconnect	1
Kelley Blue Book	1
Senate Committee on Insurance, Claims, and Corporations	1
100% Campaign, Blue Shield of California	1
private organizations that advocate for the humane treatment of animals	1
California Department of Motor	1
Product Safety Commission	1
Consumer Specialties	1
Plumbing contractors	1
Professional Firefighters	1
Professional Firefighters, AFSCME and CALPIRG	1
Professional Firefighters, California State Employees Association, and Service Employees International Union, Local 1000	1
Professional Firefighters, the Fire Districts Association of California and others	1
Professional Insurance Agents and Brokers	1
professor of economics at the UC Berkeley School of Public Health	1
Professor of Indian History and Archaeology, Soka University of America	1
Professor of Media Studies and Asian Studies, University of San Francisco	1
professors and physicians	1
Small Business Loan Guarantee Program and the Infrastructure and Economic Development Bank	1
Camino Real Siberian	1
HIV Surveillance Coalition	1
project supporters	1
the two organizations	1
Department of Health Services, Integrated Waste Management	1
ISC	1
Bay Area Council and the Los Angeles County Economic Development Corporation	1
Proponents of SB 777	1
Proponents of this legislation	1
clinics that provide services	1
BIOCOM and the California Healthcare	1
law enforcement and victim advocates	1
several environmental and resource organizations	1
California Chamber of Commerce and the Natural Resources Defense Council	1
shipping industry and marine-related	1
CAST and other organizations	1
Prosecutors	1
BCCCP	1
Occupational Safety and Health Administration	1
protection organizations	1
social scientists	1
the Judicial	1
the advisory committee	1
California Medical Association, ACOG District IX, and the California Family Health Council	1
California Primary Care Association, City and County of San Francisco	1
Consumer groups	1
FLC	1
PPACA	1
BAE	1
LAMTA and SF	1
CCHR	1
public and private colleges	1
public and private health care systems	1
public colleges and universities	1
public defenders	1
Public Health Officer	1
small grocers	1
public library jurisdiction	1
Public Rights Division	1
Los Angeles County Professional Peace Officers Association and Deputy Sheriffs	1
CDAA and Cal Chiefs	1
public sector workers	1
local government	1
Public-Private Partnerships	1
local organizations like ours	1
public postsecondary education institution	1
Small Business Retention Program	1
Year Round School Grant program	1
vendors	1
DMH's SVP Evaluator	1
qualified Associate Teacher permit holders	1
qualified doctor	1
environmental and public health groups	1
Quarterhorse owners	1
Quikdrop	1
California racetracks	1
California tracks	1
lesbian and gay parents	1
Dept. of Corrections	1
San Diego County Ecumenical	1
munies	1
ratepayers	1
ratepayers/voters	1
consumer watch dog groups	1
participating colleges	1
NCLB	1
RCCD	1
RCFE	1
RCFEs	1
Director of DMH	1
third-party collection agency	1
investor-owned utility	1
the Authority	1
Senate Governmental	1
Senate Govrnmental	1
committee	1
Managed Health Care	1
The Leagues	1
Starwood Hotels	1
U.S. Sen. James A. McClure	1
CHCF	1
recreation groups	1
Recreational Motorized vesselers of California	1
Del Norte Solid Waste Management	1
Many businesses	1
Regional Occupational Centers and Programs	1
Regional Poison Control Center	1
Association members	1
FEPFR	1
Employment Relations Commission (ERCOM)	1
Governor's Office, Department of Finance, Office of the Secretary for Education, the Senate and the Assembly	1
President of the United States	1
16 other law enforcement entities	1
representatives from health care, law enforcement, bicycle and pedestrian	1
school districts in San Bernardino County	1
bureau staff	1
The County	1
BPT	1
European Union	1
Campaign to Safeguard America's	1
residents of Brandon Place Senior Apartments	1
residents of El Rio and Strickland Acres	1
Residents of the flooded areas	1
Resource Recovery Association, California State	1
Resource Recovery Association	1
LA	1
direct response insurers	1
BSC	1
Department of Information	1
Planning and Conservation League, San Francisco AIDS	1
Planning and Conservation League, Sierra Club California, The Beast Cancer Fund	1
Responsible breeders	1
restaurant and hospitality industry and local chambers of commerce	1
restaurant and nightlife industry associations	1
AVHC	1
retrofitting and seismic related groups in California	1
Roberts Enterprise Development Fund and San Francisco Jewish Vocational Services	1
HESIS	1
rural telephone companies	1
safety advocacy groups, engineering, transportation, schools, courts, and others	1
safety agencies	1
Porterville Developmental Center	1
greeting card company	1
Democratic Party	1
San Francisco	1
San Gabriel Valley Chapter	1
San Diego Men's Center	1
Santa Cruz County Superior Court Presiding Judge Heather Morse	1
Santa Barbara Channel Foundation	1
Santa Barbara Patient	1
Santa Clara County Collaborative	1
Virpal Sandhu, Student	1
George Steffes Inc.	1
SCCOE and CTA	1
SCG	1
Families for Literacy	1
State Public Health Officer	1
Securities Clearing Corporation	1
Security Printers	1
California DNA	1
Service Employees International Union Nurse Alliance	1
service organizations (CSOs)	1
CMS	1
Washington Elementary Charter	1
FLP	1
State Dental Director	1
Nutrition Wellness Program	1
Fresno Coalition Against the Misuse	1
many lawyers, particularly solo	1
Several 211 providers	1
Several AFI businesses	1
Several agricultural organizations	1
several asbestos litigation law firms	1
several auto-related business organizations and numerous auto dealers and recreational vehicle dealers	1
several biomedical and biotechnical research organizations	1
Several bowling and recreation centers	1
Several business and professional associations	1
several business groups	1
Several business organizations	1
Several business organizations, including the CalChamber	1
several carpet and flooring producers	1
several CCC districts	1
several cities	1
Several community college consortia members	1
Several community college districts	1
Several companies and associations representing insurers, bankers, and other business interests	1
Several companies offering teledentistry products in California	1
Several Concerned Citizens	1
several concerned parents	1
Several construction trades associations	1
Several consumer representatives to the National Association of Insurance Commissioners	1
several contractor organizations	1
several contractors	1
several county government organizations and the California District Attorneys Association	1
Several departments and facilities	1
Several education groups, including the California Teachers	1
Several electric utilities	1
Several employees of title insurance companies	1
several environmental advocacy organizations and both the Center for AI and Digital Policy and the Transparency Coalition	1
several environmental and public health organizations	1
several environmental groups	1
several environmental organizations	1
Several faculty at Santa Monica College	1
several federally recognized tribes located in California	1
Several foreign professors of veterinary	1
several groups	1
several groups opposed to redefining sex discrimination and requiring insurance coverage for gender-affirming care	1
Several groups opposed to vaccination mandates	1
Several HMO's	1
Several HOA members	1
Attorney General's Task Force on the Criminal Justice Response to Domestic Violence	1
several industry groups	1
Several insurance agents and brokers	1
Several insurance producers	1
Several labor advocates, including the Teamsters	1
Several labor organizations	1
several law enforcement agencies	1
Several law enforcement entities	1
several law enforcement organizations	1
Several law firms	1
Several lawyers and law firms	1
several lawyers and law firms	1
several legal aid organizations	1
California home winemakers	1
Several licensed acupuncturists	1
Several local governments and associations	1
Several Los Angeles-based FQHCs and provider groups	1
several major educational organizations and others	1
Several motorcycle groups	1
several of the organizations representing the plaintiffs in the Pico case	1
Several opponents	1
several organizations representing apartment owners	1
several organizations representing the boards of HOAs	1
several other animal advocacy organizations	1
Several other groups	1
several other groups	1
several other groups that support animal health and well-being	1
several other labor organizations	1
Several other organizations	1
Several other state departments and offices	1
several out-of-state anti-transgender organizations	1
Several school and community college districts, along with the UC and CSU systems	1
Several school employee associations, including the California Teachers Association (CTA), the California Federation of Teachers, and the United Teachers Los Angeles	1
Several sexual assault survivor advocacy organizations	1
California Council of Chapters Affiliated Military Officers Association of America (CALMOAA)	1
several veteran's organizations and the California Assessors' Association	1
SF	1
SFFJP	1
SFUSD Board of Education	1
ranchers	1
sheriffs and probation officers	1
Sheriffs of Orange County, San Bernardino County, San Diego County, and Santa Barbara County	1
sheriffs	1
PHO	1
Senate G.O	1
The party	1
The chamber	1
Cosponsors	1
CWA D9 workers	1
Department of Labor	1
student parents' advocates	1
SOR	1
Education Insights Center	1
Commission on the Fair	1
One Stop Center	1
Assembly Committee on Appropriations	1
California Health Care Foundation	1
FLS-CA	1
Hispanics	1
Four television networks and one local	1
Kern, Los Angeles, Los Rios, Rio Hondo, San Jose	1
TNCs	1
The American Electronic	1
Sixty-two other cities	1
Sierra Club, Vote the Coast	1
USTelecom and CalBroadband	1
some cities	1
some city police officers	1
some contractors	1
some individual bail agents	1
some industry groups	1
some insurers and some small business groups	1
some labor groups	1
some local agencies acting as LIAs	1
some RCFE facility operators	1
National Electrical Manufacturers	1
Southern California Regional Liability Excess	1
air ambulance representatives	1
CNO	1
Auditor	1
National Institutes of Health	1
Castaic Lake Water	1
California District Attorneys Association, the L.A. District Attorney, and the Crime Victims Action Alliance	1
Counties of San Joaquin, Yuba, San	1
environmental advocacy groups	1
sporting groups	1
sports organizations	1
Stakeholders	1
SMARTER Balanced Consortium	1
State DVA	1
State Lottery Commission	1
State Treasurer's California Debt	1
Grocers	1
National Conference on Weights and Price Verification Guidelines	1
San Diego, San Bernardino and Riverside	1
Climate Innovation Fund	1
STRS and PERS	1
San Francisco Health	1
Student Senate for the Community Colleges	1
Students for Democracy at San Jose State	1
DHCS and CDSS	1
EAC	1
PORAC (Peace Officers Research Association of California)	1
MCE	1
Corinthian Colleges, Inc. (CCI)	1
Superintendents from 145 school districts or County Offices of Education	1
superintendents in Riverside County	1
superintendents of Riverside County, San Bernardino City Unified School	1
Superior Court of El Dorado County	1
MBC's Midwifery Task Force	1
FCLCA	1
audiology professional associations	1
labor groups	1
several local governments and water	1
various consumer and labor organizations	1
Supporters of AB 2448	1
Supporters of AB 265	1
Supporters of SB 124	1
Supporters of SB 472	1
Supporters of SB 777	1
City of Westminster and the Westminster Chamber of Commerce	1
Los Angeles Economic Development	1
transit worker unions	1
conservation organizations	1
local chambers of commerce and business development groups	1
AFSCME and SEIU Local 1000	1
American Academy of Pediatrics, California and the California Police Chiefs Association	1
builders, labor, and environmental groups	1
affected cities	1
American Federation of State, Municipal and Federal Employees (AFSME) and the California Landscape	1
BOE and the California retailers	1
California Farm Bureau and the American Federation of State, County and Municipal Employees (AFSCME)	1
California State and University of California Student Association	1
City of Oakland and the City of West	1
The Privacy Rights Clearinghouse	1
youth advocacy groups	1
San Joaquin County and the School Energy Coalition	1
audiology professional associations and individual audiologists	1
SWP Contractors	1
National Institute of Drug Abuse	1
Numerous local associations	1
Protection and Advocacy, Inc (P&A)	1
American Society for	1
State Bar Tax	1
TCAI	1
California Communications	1
National Commission on the Future of DNA	1
TGI individuals and their families	1
DRA	1
CCRCs	1
audiologists	1
16 distinguished constitutional law scholars	1
CFILC	1
Bureau of Gambling	1
Medi-Cal managed care plans	1
CSPS	1
Healthy Families	1
MCMC plans	1
CAVC	1
Transportation Committee	1
LAWA Police	1
PUC and FCC	1
Family PACT program	1
Northwestern Pacific Railroad	1
Emergency Alert System	1
BCE	1
BOE, FTB and EDD	1
Alameda County District Attoney's Office	1
beer industry	1
BHPH industry	1
biomedical industry	1
Board of Parole Hearing	1
CA Association of Crime Lab Directors	1
CA District Attorneys Association (CDAA) and the Attorney General	1
CA Public Defenders Association and CA Attorneys	1
CACI	1
California Applicants Attorneys and employment lawyers	1
California Association of Firefighters	1
California Cannabis Industry Association (CCIA) and a large number of cannabis companies	1
California Chamber of Commerce and a coalition of organizations	1
California Chamber of Commerce and other employer organizations	1
California Clinical Laboratory Association (CCLA) and Quest Diagnostics	1
California Conference of Directors of Environmental Health (CCDEH)	1
California Congress of Seniors (CCS)	1
California Fine Wine Alliance	1
California Integrated Waste Management Board and the League of California Cities	1
California Outdoor Hunting Alliance	1
California State Foster Parent Association (CSFPA)	1
Aging Services	1
CCSESA	1
cellular telephone industry	1
Speech-Language Pathology and Audiology Examining Committee (SPAEC)	1
CHSWC	1
The defense bar and the Prison Law Office (PLO)	1
YACA	1
Division of Ratepayers Advocates (DRA)	1
The DOF and the board	1
the Lumber	1
The Experts, Master Painters	1
Feminist Caucus of the (Figueroa) Association	1
the drafters of Prop. 103	1
internet telephone (VoIP) companies	1
IRS	1
Janeunchained Los Angeles Democrats for The Protection of Animals Pawpac	1
the lesbian, gay, bisexual, and transgender community	1
major mobile phone service providers	1
Military Coalition	1
CCIP	1
D.A.	1
Occupational Safety and Health Standards Board	1
Office of Ratepayers	1
Association of Builders and Contractors, Western Electrical Contractors, Plumbing-Heating-Cooling	1
Californians for Affordable Health Reform and Unified Medical Group Association (UMGA)	1
Los Angeles Department of Mental Health	1
ports of Stockton and West Sacramento	1
Postdoctoral Scholars Association	1
PPL	1
senior advocates	1
California Teachers Association and the California Catholic Conference	1
insurer associations and insurers	1
recipients of Tire Program grants	1
Texas Supreme Court	1
San Francisco State University (SFSU) Clinical Lab Science Program	1
School Breakfast Program	1
Building industry interests	1
seat manufacturers	1
three large IOUs	1
Toxic Information Clearinghouse	1
trade group of SNFs	1
Treasurer	1
UEBFT	1
United Domestic Workers (UDW) of America (AFSCME Local 3930)	1
Women's Resource Center of California State University, Sacramento	1
groups concerned about loosening alcohol restrictions	1
Pew Charitable Trusts' Public Safety Performance Project	1
Health care providers and health consumer advocates	1
Health plan trade groups	1
CP	1
SFPDO	1
These opponents	1
United Domestic	1
SLOHTF	1
Other tenants	1
The religious-based schools	1
Bay Area Family of Funds and Genesis LA	1
Open Enrollment Act	1
PTBC	1
These companies	1
these groups	1
these insurers	1
These parties	1
LA Airport Police	1
these physicians	1
These proponents	1
These underserved students and families	1
violence prevention professionals	1
their organization	1
OSA	1
California Children's Services Program	1
CCAC	1
California online notaries	1
SHPP	1
crime labs	1
TNC Access for All Program	1
federal Election Assistance Commission	1
UR committee	1
Victims' Restitution Fund	1
California Innocence	1
Pesticide Education Group-Marin	1
FOREST and Wildfire Prevention Fund	1
Some opponents	1
FEMA	1
to Stop Outside Dumping	1
Blood Centers of California (BCC), as well as the American Red Cross	1
the opponents	1
Multiple Habitat Conservation Plan	1
Special Fund for Economic Uncertainties	1
trade associations for health care services plans	1
Department of Education (SDE)	1
Transit operators and advocates	1
BART and San Francisco Municipal Transportation Agency	1
Transportation Commission (CTC)	1
trappers	1
State mental hospitals	1
Salinas Valley State Prison	1
National Alliance for Mental	1
numerous conservation organizations	1
U.S. Department of Education	1
John Muir Middle School	1
Two cities	1
two cities	1
two coalitions	1
two groups	1
two independent psychological or psychiatric professionals	1
the Mayo Clinic and the University of Iowa	1
two-thirds of Californians	1
U.S. Army, Marine Corps., Navy and Air Force	1
UC and the Academic Senate	1
Firefighters	1
the Committee	1
ESTA	1
Labor Agency	1
UnitedHealth/OptumRx	1
California Association or Realtors	1
variety of local government organizations, water agencies and agricultural groups	1
Various affordable housing organizations	1
Various beer producers and distributors	1
Various counties	1
Various employer groups	1
Various internet service providers	1
various labor groups	1
Various labor unions	1
independent physicians	1
various major league sports teams and affiliated entities	1
Haven Human Society and the Inland Valley Humane Society	1
various mental health client groups	1
Various mining companies	1
Various Native American tribes	1
Various non-profit housing agencies	1
various nonprofit organizations and organizations representing nonprofits	1
Various off-road vehicle organizations	1
various organizations advocating for increased public transparency and government oversight	1
various organizations representing police officers	1
Various other energy groups	1
Police Activities Leagues and police departments	1
Various other newspapers	1
Various patients and civil rights groups	1
various private and public entities based in Kern County	1
Various private investigator associations	1
Various professional appraiser associations	1
Various professional engineers	1
Various property tax consulting firms	1
Various school districts	1
Various state agencies	1
Samuel Merritt College, Occupational Therapy Department	1
Various supporters	1
Various tax practitioners and groups	1
Various veterans groups	1
various Westwood community merchants	1
vast majority of voters in the referendum on Proposition 31	1
VBG	1
vehicle dealers	1
Vehicle Institute	1
veteran organizations	1
veterans agencies and organizations	1
veterans groups	1
Chamber of Commerce of U.S.	1
Department of State	1
Chatham County Board of Tax Assessors and Atlantic Resources	1
a number of ethanol producers and related industrial groups	1
water agencies and agricultural organizations in the San Joaquin Valley	1
Water agencies	1
Water Agency	1
Calleguas Municipal Water Association	1
Western Municipal Water Committee	1
San Francisco Public Utilities Water District	1
Whispering Palms Water District	1
Water Service Company	1
Water Solutions Now!	1
Water Solutions Now	1
WAVE	1
national accounting firm clients	1
We Care	1
Drop the 'A' Word coalition	1
child welfare advocates	1
scores of wineries	1
APPS	1
Welfare Fund	1
American Society of Civil Engineers and environmental and community groups	1
Western Center on Law and Poverty, Justice in Aging, and Disability Rights California	1
a number of health plans	1
Senate Budget	1
air pollution control officers from all 35 local air quality districts throughout California	1
SDSU	1
Cal-ICH	1
the open carry movement	1
California Hospital Associations (CHA)	1
PJI-CCP	1
UC and USC	1
ACT	1
CSRLF Program	1
Teachers' Retirement Fund	1
these associations	1
Whittier City Council	1
WIC retail food vendors	1
CCF	1
Committee on City Accounting Procedures	1
CSI program	1
L.A. Superior Court	1
California's Fourth Circuit Court of Appeals	1
National Association for Rare Disorders (NARD)	1
AHI	1
Workers of America AFSCME Local 3930/AFL-CIO	1
WECA and PHCC	1
AIC	1
Numerous animal welfare groups	1
Numerous businesses and local chambers of commerce	1
numerous distillery businesses	1
Numerous insurers and business groups	1
Ombudsmen	1
One Stop Centers	1
One Stop Career Centers	1
drug manufacturers and the Chamber of Commerce	1
TRC	1
a coalition of agricultural groups	1
California Solar and Storage Association (CALSSA)	1
the Western	1
other associations representing the hotel and related hospitality industries	1
TSCN	1
SNPAOs	1
Probation departments and officers	1
RFK Plan	1
seniors and groups advocating on behalf of low-income consumers	1
several associations representing school districts	1
several organizations	1
Several organizations	1
several paper and plastic bag manufacturers and some local governments	1
Southern California utility companies	1
CSAM	1
Tribes and local governments	1
Tyndall	1
University	1
USOPC	1
Various organizations	1
We the undersigned	1
WOEIP	1
Senate Energy, Utilities and Communications	1
Assembly Arts, Entertainment, Sports, Tourism and Internet	1
Assembly Arts, Entertainment, Sports, Tourism and Internet Media Committee	1
Painting, Inc	1
Advocates	1
Project	1
Andrew Pasmant, City Manager	1
Mystery Shopping Providers Association	1
the solvents industry	1
DHS and MRMIB	1
California State Auditor and State Controller	1
Board of Trustees	1
County health departments	1
COPIA - The American Center for Wine	1
US Governmental Accountability Office	1
Advanced Industrial Services	1
CalRx Naloxone Access Initiative	1
California Reproductive Justice & Freedom Fund	1
Outdoor Sportsmen's Coalition of California (OSCC) and Safari Club International (SCI)	1
California Tax Service Center (CTSC)	1
Western Center on Law & Poverty and the California Rural	1
The CA	1
Assembly	1
animal rights and antihunting groups	1
The Peace Chiefs Association	1
Assembly Budget	1
groups previously in opposition	1
San Francisco Animal Control	1
Several scholars	1
DMH Sex Offender Commitment Program	1
Cal-YOR program	1
Unclaimed Property Law (UPL)	1
Dolly Parton's Imagination Library	1
Orange County Electrical Training	1
AASCB	1
regional DASP organizations	1
DOJ's Armed Prohibited Persons System (APPS)	1
DOJ's Prohibited Armed Persons File	1
National Braille Press	1
CPUC's Energy Division	1
Joint Oversight Hearing of the Senate and Assembly	1
FARMER program	1
California Association of Health Plans and the Association of California Life and Health Insurance Companies	1
BCC and HemaCare	1
United States Department of Justice	1
American Academy of Pediatrics, Committee on Pediatric AIDS	1
Santa Clara County Superior Court of California	1
Committee on Early	1
University of California at Los Angeles Labor Center	1
health and consumer advocacy groups	1
advocacy organizations and individuals	1
business associations	1
climate and environmental organizations	1
firefighters, environmental and consumer organizations	1
housing advocates and public interest legal services organizations	1
immigrants' rights advocates	1
medical groups	1
nursing groups	1
a broad coalition of racial	1
ratepayer	1
workers' rights advocates and labor unions	1
civil rights and labor organizations	1
veteran's cannabis advocacy organizations	1
California Rangeland Trust, the California Farmland Trust, the California Climate and Agriculture Network	1
American Civil Liberties Union of California, Western Center on Law & Poverty, and Disability Rights California	1
the opponents of the measure	1
advocates for veterans	1
affinity organizations	1
affordable housing advocates and developers	1
agricultural interests	1
anti-transgender advocates	1
apartment and property owners associations	1
auction companies	1
auto manufacturers	1
building industry and wood product manufacturer organizations	1
business advocates	1
business and agricultural associations	1
a coalition of business and agricultural groups	1
a coalition of business and technology industry associations	1
a coalition of business and tort reform advocates	1
CompTIA, CalChamber, and TechNet	1
a coalition of business interests including the chemical and upholstered furniture industries	1
a coalition of business organizations	1
a coalition of business, construction, manufacturing and other regulated entities	1
a coalition of California Native American tribes and wildlife agencies	1
a coalition of California Native American tribes and wildlife organizations	1
a coalition of children's and environmental advocates	1
a coalition of cities	1
Anti-Defamation League, Common Sense, and the California League of United Latin American Citizens	1
a coalition of clean energy	1
a coalition of clean vehicle and infrastructure technology companies and stakeholders	1
a coalition of community and consumer organizations	1
a coalition of conservation and environmental justice organizations	1
a coalition of conservation and environmental organizations	1
a coalition of consumer advocates	1
a coalition of consumer advocates and interest groups	1
ACLU, Electronic Frontier Foundation, Common Sense Kids Action, Consumer Federation, Privacy Rights Clearinghouse	1
a coalition of criminal justice reform advocates	1
a coalition of criminal justice reform and legal organizations	1
a coalition of digital equity advocates	1
a coalition of donor advised fund sponsors	1
a coalition of dozens of supporters, including environmental, environmental justice, and public health organizations	1
a coalition of education management groups	1
a coalition of electric vehicle advocates	1
a coalition of employer organizations	1
a coalition of employment rights advocacy organizations	1
a coalition of energy developers	1
a coalition of entities	1
a coalition of environmental	1
a coalition of environmental advocacy organizations	1
a coalition of environmental and community justice groups	1
a coalition of environmental and community water organizations	1
a coalition of environmental and conservation groups	1
a coalition of environmental and recreational groups	1
a coalition of environmental and waste management organizations	1
a coalition of environmental justice and environmental organizations	1
Clean Water Action and Community Water Center	1
a coalition of environmental justice organizations	1
a coalition of environmental, labor, public health and environmental justice organizations	1
a coalition of farmers and food organizations	1
California Bankers Association and the Silicon Valley Leadership Group	1
a coalition of First Amendment advocates	1
CalTax, Civil Justice Association of California, Internet Association, Silicon Valley Leadership Group, and TechNet	1
Greater Riverside and Greater Stockton Chambers of Commerce, Valley Industry & Commerce Association, and Latin Business Association	1
a coalition of housing advocates and housing developers	1
a coalition of industry associations	1
California Retailers Association, California Restaurant Association, and California Chamber of Commerce	1
a coalition of industry associations that use large quantities of natural gas	1
TechNet, Internet Association, CalChamber, Consumer Technology Association, and Civil Justice Association of California	1
a coalition of industry representatives	1
a coalition of industry representatives and associations	1
a coalition of industry stakeholders	1
TechNet, California Chamber of Commerce, Entertainment Software Association, and California Manufacturers & Technology Association	1
a coalition of insurance industry trade organizations	1
a coalition of IOUs	1
a coalition of labor and IOUs	1
a coalition of labor unions and workers' rights organizations	1
a coalition of law enforcement agencies	1
a coalition of law enforcement organizations	1
a coalition of legal aid and civil rights organizations	1
a coalition of legal aid and consumer advocacy organizations	1
a coalition of legal organizations representing labor and consumer groups	1
a coalition of licensed midwives and consumers	1
a coalition of local government and law enforcement advocates	1
a coalition of local government groups	1
a coalition of local governments	1
a coalition of manufacturers and trade associations	1
a coalition of marijuana growers	1
a coalition of medical professionals	1
a coalition of municipal utilities associations	1
a coalition of nine bill opponents	1
agricultural organizations and the chemical industry	1
chemical and product manufacturers and the California Chamber of Commerce	1
manufacturers and other industry organizations	1
pesticide manufacturers, chemical industry trade associations, and agricultural trade organizations	1
American Chemistry Council and the California Chamber of Commerce	1
a coalition of opposition	1
The Utility Reform Network, Natural Resources Defense Council, California Environmental Voters, the Union of Concerned Scientists	1
a coalition of organizations and associations representing small businesses	1
a coalition of organizations involved in local land use and development	1
American Institute of Architects and the California Land Surveyors Association	1
a coalition of organizations representing outdoor enthusiasts	1
a coalition of organizations representing shared mobility device providers and bicycle enthusiasts	1
a coalition of organized labor organizations	1
a coalition of physician groups	1
a coalition of primarily hunting organizations	1
a coalition of property owners and management associations that lease residential properties	1
a coalition of public interest and veterans organizations	1
a coalition of real estate and urban planning organizations	1
a coalition of retailers	1
a coalition of school groups	1
a coalition of several dozen organizations	1
a coalition of several organizations representing the business that use consumer arbitration agreements	1
a coalition of solar energy businesses and advocacy organizations	1
a coalition of stakeholders involved in various aspects of the civil litigation process including deposition reporters	1
a coalition of state and local diversity chambers of commerce	1
a coalition of statewide and regional housing associations	1
a coalition of statewide associations	1
60 environmental, animal welfare, and community groups	1
environmental and animal welfare organizations and community groups	1
a coalition of taxpayer advocates	1
a coalition of tenants rights and affordable housing groups	1
California State Association of Counties (CSAC), Urban Counties Caucus (UCC), the Regional Council of Rural	1
a coalition of thirty-one organizations	1
a coalition of tribal governments	1
a coalition of veterans organizations	1
a coalition of veterans' organizations	1
a coalition of water agencies	1
a coalition of wildlife advocacy organization	1
a coalition of women's rights advocates and court users	1
a coalition representing banks, credit unions, mortgage lenders, and other nonbank lenders	1
a coalition representing community advocacy organizations, nonprofit community development financial institutions, and research and nonprofit organizations	1
various local governments	1
Safe and Participatory Public Schools	1
a diverse list of entities	1
viatical companies	1
a lengthy list of gun-related organizations	1
Board of Supervisors of Imperial County	1
Catholic Conference of Bishops, the CA Partnership to End Domestic Violence, the CA Police	1
a list of local law enforcement entities	1
The School Energy Coalition and UndauntedK12	1
a long list of business and industry organizations	1
a long list of environmental	1
a long list of industry	1
a long list of industry groups	1
a long list of local government organizations	1
a long list of organizations representing	1
a long list of water import agencies	1
a long list that includes industry group	1
a manufacturer of residential smoke alarms	1
a national 501 (c) (3) non-profit organization	1
a non-profit organization dedicated to safety of California ski resorts	1
a number of affinity organizations	1
A number of associations representing various business	1
A number of business associations	1
A number of business groups	1
A number of businesses across the state	1
A number of commercial fishing groups	1
a number of community organizations	1
a number of consumer advocacy and legal aid groups	1
a number of consumer protection advocacy organizations	1
A number of Court Reporting Agencies	1
A number of CSOs	1
a number of department chairs of ophthalmology, including those at UC hospitals	1
a number of environmental advocacy organizations	1
a number of environmental and environmental justice organizations	1
A number of environmental and environmental justice organizations	1
A number of groups advocating for the homeless and for low-income populations	1
A number of groups	1
A number of gun-related organizations, Safari Club	1
A number of health and behavioral health providers	1
a number of health care provider groups	1
A number of hospital groups and individual hospitals	1
A number of individual cities	1
A number of individual Counties	1
A number of individual hospitals	1
a number of law enforcement organizations	1
A number of lending groups and business groups	1
A number of nongovernmental organizations and local agencies	1
A number of organizations	1
a number of organizations representing the financial services and business sector in California	1
A number of organizations that construct or utilize health facilities	1
A number of other advocacy groups for HIV-infected individuals	1
A number of other health care providers	1
A number of other providers and autism and legal advocacy organizations	1
a number of resident groups from mobilehome parks	1
A number of restaurants from throughout the state	1
A number of stakeholders	1
A number of tenant advocacy and mobilehome resident groups	1
a number of tenant advocate groups	1
A number of veterinary stakeholders	1
hundreds of California franchisees	1
a privacy rights advocacy organization	1
Urban Institute	1
Yale and Rochester Institute of Technology	1
several energy industry associations and environmental groups	1
a significant number of immigrants' rights advocacy organizations	1
TPUD	1
a unique coalition of organizations representing probation officers	1
US Government Accountability Office	1
a utilization review organization	1
A varied collection of organizations	1
A variety of business and industry group	1
A variety of environmental organizations	1
A variety of healthcare interests	1
a variety of labor and food access organizations	1
a wide array of EMS system stakeholders	1
a wide coalition of developers and affordable housing advocates	1
a wide coalition of nonprofit organizations	1
a wide coalition of safety net providers	1
a wide variety of industry organizations	1
CalABLE	1
California Department of Cannabis Control	1
The LAPPL	1
Anthony F. Cardenas, Chief of Police	1
Hon. Bob Filner, Member of Congress	1
ABM	1
About 200 organizations	1
federal Food and Drug Administration	1
Division of Labor Standards Enforcement	1
Academic Partnership Program	1
a coalition comprised of organizations representing the agricultural and consumer products sectors	1
a coalition of consumer organizations	1
a coalition of local agency associations	1
63 organizations	1
Asian Prisoner	1
California Association Apartment	1
American Federation of Charros	1
California Commission on the Status of	1
League of California Cities (Cal Cities) and the California State Association of Counties (CSAC)	1
ACLHIC and AHIP	1
ACSED	1
many supporters	1
Journal of the American Academy of Child & Adolescent Psychiatry	1
Unit 2 members	1
defense counsel	1
they	1
CalVCB	1
SD Chamber	1
those in support	1
administrators	1
Advanced Medical Technology Association and the California Life Sciences Association	1
RIAA	1
their opposition	1
advertising agencies, publishers, and greeting card companies	1
Advocates for children	1
advocates for homeless people	1
Advocates for low-income Medi-Cal beneficiaries	1
Advocates for marijuana legalization and marijuana growers	1
advocates for women's issues	1
affordable housing interests	1
coalition of business and insurance interests	1
coalition of business interests and insurers	1
County Probation Departments	1
agencies in the San Joaquin Valley	1
agencies throughout the state	1
industry groups and others	1
LCSA	1
aging and Asian community advocacy organizations	1
agricultural interests, including many in the livestock industry	1
air quality control and environmental organizations	1
Airlines and counties party to the agreement	1
Alameda County and CDFA	1
All 10 incorporated cities in Ventura County	1
All of California's citizens	1
The Public Defenders	1
several tribal organizations	1
AANP	1
American Chemistry Council and petroleum industry groups	1
American Civil Liberties Union and other privacy rights groups	1
American Lung Association and a number of environmental and public health advocates	1
Automated Vehicle Industry Association	1
California Association of Professional Scientists (CAPS), UAW	1
Retired Public Employees Associations	1
San Bernardino County Employees' Retirement Association (SBCERA)	1
United Domestic Workers (UDW), AFSCME Local 3930	1
An array of law enforcement organizations	1
An extensive coalition of supporting organizations	1
An industry coalition that includes TechNet and California Chamber of Commerce	1
Department of Mental Health (DMH)	1
National Diversity Coalition and National Asian American Coalition	1
Assembly PERSS Committee	1
California Children and Families First Trust Fund (Proposition 10)	1
Vaccine Adverse Events Reporting System	1
a broad coalition of environmental organizations	1
a coalition of bicycle and pedestrian advocacy groups	1
EMS administrators and EMS medical directors	1
Federal Trade Commission	1
agricultural organizations serving the Pajaro River watershed	1
air quality groups	1
anti-poverty advocates	1
civil rights groups	1
clean energy organizations	1
community advocates	1
community leaders	1
consumer organizations	1
consumer rights advocacy organizations	1
disease specific groups	1
PCPC	1
DOJ's California Justice Information Services Division	1
Electronic Transaction Association	1
energy developers	1
energy groups	1
environmental justice advocates	1
environmental justice organizations	1
environmental professionals	1
organic growers	1
CALA	1
four individual constituents	1
FQHCs and RHCs	1
Geologists	1
San Francisco Superior Court Judges	1
Health Navigator programs	1
Health Navigators	1
Hospice Care of Santa Barbara	1
housing and EV charging groups	1
housing justice organizations	1
hundreds of such individuals	1
AMA	1
California Appellate Court	1
marine engine manufacturers	1
Native American communities	1
nonprofits	1
numerous indivduals	1
numerous other real estate brokerage firms, realtor associations, and individuals	1
numerous Westwood residents	1
CVS/Aetna	1
one individual constituent	1
ordinary citizens who have been affected by the evolution of the cannabis industry	1
other forestry related groups	1
governmental officials and organizations representing the international border region	1
coalition	1
other individuals	1
labor and health care organizations	1
mandated reporters	1
other nonprofit groups	1
others who depend upon activities at the ports	1
others who expect to rely increasingly on recycled water	1
Pacific Islander Diabetes Coalition	1
Pet Valu and Pet Supermarket	1
pharmaceutical benefit managers	1
POUs	1
recreational fishing groups	1
The Center	1
retiree representatives	1
school psychologists	1
several hospitals	1
several individual school districts	1
several local chambers of commerce and agricultural associations	1
several other organizations	1
Southwest Santa Clara Valley	1
specialty care providers	1
Tehachapi	1
California Builder Properties Association	1
Counties of El Dorado	1
Law libraries of Orange, San Diego, San Francisco, Fresno, Calaveras and San Bernardino Counties	1
Rue & Forsman Ranch	1
tribal organizations and citizens' groups	1
Unitek College	1
various other local PALs and police departments	1
A coalition of California's leading affordable housing	1
waste managers	1
water and agricultural associations	1
Yuba City	1
letters from homebrewers throughout the State	1
AMA Guides	1
numerous individuals throughout the state	1
Animal Physical Therapy Coalition (APTC)	1
Animal rights organizations	1
animal shelters, rescue organizations and high-volume dog breeders	1
Animal welfare groups	1
Animal welfare organizations	1
Interagency Task Force	1
ANSI	1
BSA troops	1
AOT programs	1
Auditor General	1
Individual HCDs	1
Appropriations	1
California Highway Patrol, Orange County Sheriff's Department and the Coto de Caza security force	1
25 hospices in California	1
27 scientists from the University of San	1
3 dozen individuals and businesses, primarily in the San Jose	1
California's Scientific Community	1
California's scientific community	1
USPS Citizens Stamp Advisory	1
aquaculture industry	1
Center for Medicare and Medicaid	1
a coalition of organizations representing business, building, and property owner associations	1
Republic of Azerbaijan	1
The Asphalt Roofing Manufacturers Association	1
The Association of California Community College Administrators	1
California Municipal Utilities Association and IID	1
The California Association for Behavior Analysis (CalABA)	1
The California Association of Real Estate Brokers (CAREB)	1
The California Association of Social Rehabilitation Agencies	1
The California Association of Social Rehabilitation Agencies (CASRA)	1
The California Broadband & Video Association (CalBroadband)	1
The California Carbon Capture Coalition	1
The California Central Valley Flood Control Association (CCVFCA)	1
The California Consortium of Addiction Programs and Professions (CCAPP)	1
The California Council for Environmental and Economic Balance (CCEEB)	1
The California Labor Federation, Service Employees International Union, California State Council, and United Food and Commercial Workers	1
The California Landscape Contractors Association (CLCA)	1
The California Moving & Storage Association (CMSA)	1
The California Narcotic Officer's Association (CNOA)	1
The California Orthopaedic Association	1
The California Realtors Association	1
The California Right to Life Committee (CRLC)	1
California Tax Payers Association (CalTax)	1
City of Salina	1
County Welfare Directors Association (CWDA) of California	1
California Farm Bureau Federal	1
Right to Life League (RLL)	1
50th District Agricultural Association (50th DAA)	1
a group of practitioners	1
Blue Cross and the Association of California Life and Health Insurance Companies	1
California Tribal Families Council	1
State Advisory Council	1
several other environmental, public health and local organizations	1
California IATSE Council (CIC)	1
PRFMA	1
autism providers	1
business groups and insurance brokers	1
LGBT advocacy groups	1
local jurisdictions and local elected officials	1
California Sportfishing League and Coastal Conservation Association of California	1
anti-vaccine and vaccine safety advocacy groups	1
several major labor organizations	1
Engineers & Scientists of California	1
Medical Board of California and the University of California	1
Associated General Contractors of California - the California Chapters	1
association of voting system manufacturers	1
associations of industries that produce biomethane	1
associations of mental health professionals	1
associations representing dental assistants and dental assisting teachers and private and public schools	1
a few contractor organizations	1
Superior Court, Los Angeles County	1
Johns Hopkins Medical School	1
Santa Fe Depot	1
Executive Committee of the CCP	1
TURN and the PUC	1
Athletic Trainers	1
Attorney General's Task Force on the Criminal	1
California inspectors	1
Educational Revenue Augmentation Fund	1
BSCC	1
industry groups that utilize the ports and facilities	1
ports of Hueneme and Oakland	1
local conservation groups	1
DOSH and the Standards Board	1
Employee Retirement Income Security	1
Haight-Ashbury Neighborhood Council, Humboldt State University Campus Recycling	1
Humboldt Waste Management Authority, Natural Resources Defense Council	1
San Francisco Bay Area Rapid Transit District, Sierra Club-California	1
Santa Clara County Board of Supervisors, Sierra Club	1
Senator Wright	1
Auto body shops and machinists	1
Auto body shops	1
NPLEx	1
Azerbaijan	1
Goldman Sachs	1
International college students	1
Soda companies	1
California Peace Officer's Association and the California Police Chiefs Association	1
Three sheriffs or chiefs of police	1
MoneyGram and Western Union	1
Coalition on the Environment & Jewish	1
Environmental Center of San Luis	1
HEERA [the Higher Education	1
Center for Disease Control and Prevention	1
PT Postponement program	1
Behavioral Health's Alcohol and Other Drug Services and Public Health's Tobacco Prevention Programs	1
DMHC and DOI	1
Community Corrections Partnership	1
Hospitals, including the California	1
Benicia residents	1
California Specialty Extrusion Corporation	1
CDFA and L.A. County	1
STA	1
opponents of banning the shark fin trade	1
Various private citizens, including real estate	1
Bill proponents	1
EMS providers	1
Assembly Public Safety committee	1
those sectors of the business community	1
Gov. Brown	1
jail and prison telecom industry	1
Bioethicists and Medical Doctors	1
Colusa County Economic Development	1
CalPERS Long-Term Care Program	1
local air district	1
BOC	1
Electric Service Providers	1
Counseling Compact	1
Administration and the Legislature	1
Buffalo Soldiers	1
Building Officials (CALBO)	1
Centers for Medicaid and Medicare Services	1
BSA National and district councils	1
biotech company	1
California ski resorts	1
car dealers	1
carriers	1
California Chamber of Commerce and the Construction Employers' Association	1
Business and religious groups	1
business interests	1
numerous educational institutions	1
CalWORKs families	1
Native American students	1
business groups and health plans	1
CPHEN	1
CCDAA	1
Church of Scientology	1
UCRS	1
Senate Governmental Organization Committee	1
Superior Galleries	1
Federal government	1
Hospitality workers	1
Ca Attorneys for Criminal Justice (CACJ), the ACLU, and the CA Public Defenders (CPDA) Association	1
CA Attorneys for Criminal Justice and the National Jury Project	1
CAB	1
Cable and Telecommunications Association	1
CACJ and CDLA	1
local First 5 Commissions	1
California Association for the Blind	1
California Chapter of the American College of Emergency Physicians (Cal ACEP)	1
California Clinical Laboratories Association (CCLA)	1
California CVSOs and VSOs	1
California Homebrewers Festival	1
California Legislative Women's Caucus and other groups	1
California licensed health care professionals	1
California licensed physicians	1
California Moving and Storage Associate	1
Emergency Food for Families Fund	1
California Right to Know Coalition	1
California Society of Plastic Surgeons and the California Rheumatology Alliance	1
California Special Districts Association and the California State Association of Counties	1
California State University and the Academic Senate for California Community Colleges	1
California State University Alumni Association	1
California Strategic Growth Council	1
California, Sacramento and Bay Area Sections	1
CalSTA	1
Camarillo Unified	1
Coalition of California Utility	1
a coalition of environmental and public interest	1
Care and Control for the City and County of Sacramento	1
Catholic health care facilities	1
Coto de Caza	1
CCC Data Mart	1
CCLC	1
CCT transition teams	1
Census Bureau	1
Central Delta Valley Water Agency	1
Central Valley Community for Streets Alive	1
CERT Members	1
certain biotechnology companies	1
certain members of the insurance community	1
Certain privacy advocates	1
Certain Sonoma County landowners	1
Certain state agencies	1
California Alliance to Combat Trafficking and Slavery Task Force	1
CFPB	1
CGS	1
Chamber coalition	1
chamber of commerce and other groups	1
Change.org petition signed by over 350 individuals	1
Electoral College	1
FPPC Task Force on Reform of the Political	1
CHC	1
CHCs	1
Chemical manufacturers and compound users	1
San Diego District	1
Chiefs of Police for the Cities of Berkeley	1
Chiefs of Police for the Cities of Chico	1
Chiefs of Police of the following cities: Anaheim	1
Child care advocates	1
Children's health advocacy groups	1
children's health groups and health care providers	1
children's rights groups	1
Chime	1
Chumash	1
Green Chemistry	1
Bullseye Publishing	1
City of Diamond Bay	1
Everyone Home Task Force	1
Clerk of the Assembly	1
clinical laboratory scientists	1
Club California	1
Clubs and other automobile enthusiast organizations and individuals	1
CMHDA	1
COA	1
coalition of business groups	1
Coalition of interested groups	1
coalition of labor sponsors	1
coalitions of bail agents	1
Coalitions of local governments	1
Open carry advocates	1
commercial dog breeders	1
San Gabriel Valley Economic Commission	1
Vocal Group Hall of Fame	1
Pacific Gas and Electric Company and Sempra Energy	1
Saint Frances Cabrini School	1
Community Economic Resilience Fund Program	1
Labor organizations and employer associations	1
company employees & private citizens	1
AATBs	1
COMD	1
providers	1
community-based organizations and individuals	1
Congestion Relief Program	1
CA Commission	1
sureties	1
conservation and environmental organizations	1
Conservation Organization, Natural Resources	1
LAPPL	1
Public employer opponents	1
California Building Industry Association and the California Apartment Association	1
CalOES	1
Consumer attorneys and other labor groups	1
Consumer groups and provider representatives	1
Consumers and industry experts	1
Consumers Union and the Proposition 103 Enforcement Project	1
some utilities	1
TGI communities	1
The AIDS Project of Los Angeles	1
numerous agricultural associations	1
convenience store clerks	1
private sector stakeholders	1
Coroners and Sheriff-Coroners	1
Coroners' Office	1
corporate taxpayers	1
corporate telehealth companies	1
Juvenile Parole Board	1
A coalition of employer organizations	1
A coalition of environmental organizations	1
Organizations in opposition to the bill	1
cosmetic manufacturers and other entities	1
DPH and local health departments	1
the University	1
council members	1
University of California MIND Institute	1
AFL-CIO & Vaca Valley Chiropractic	1
California Plant Health Association, California Retailers Association	1
California State Association of Counties, City and County of San Francisco, City of Costa Mesa	1
California State Council of Carpenters, Coalition of California Utility	1
California Women for Agriculture, Chemical Industry Council of California, Consumer Specialty Products Association	1
Clorox Company, Coalition of Independent Recyclers, Consumer Healthcare	1
Industrial Environmental Association, Metal Finishing Association of Southern	1
Nursing Mothers Counsel, Inc., Planning and Conservation League	1
Office of the Attorney General, Planning and Conservation League, Sierra Club	1
Pesticide Action Network of North	1
Phibro-Tech, Inc., Railway Tie	1
Planning and Conservation League, Sierra	1
Silicon Valley Manufacturing Group, Sony Ericsson Mobile, Sprint	1
The Thursday Group, Western States	1
local EMS agencies	1
counties and their behavioral health agencies	1
counties	1
County and Municipal Employees Association for Health	1
County and Municipal Employees California Association for Health	1
County Assessors	1
County Board of Education	1
California Department of Education (CDE)	1
Fountain Valley Elem.	1
Sweetwater Union High	1
Santa Clara Unified	1
Housing Departments of the Cities of Concord	1
County of Quitcarbon	1
County of Special Districts	1
County Recorders in Butte, Contra Costa, Glenn, Napa, Placer, San Mateo, Santa Rosa, and Sonoma Counties	1
County Sheriff's Department	1
Sacramento Regional County Sanitation	1
United Guaranty Residential Insurance	1
Covered California and DHCS	1
CPA associations from various states	1
CPCA and CSSA	1
CR	1
L.A. and Orange Counties	1
CMP	1
Critics of MSAs	1
CSAAVE	1
CSAC and RCRC	1
CSU [BOT]	1
bond counsels	1
Foremen of recent grand juries	1
AARP Network of Age Friendly	1
court interpreter advisory panel	1
CVSOs	1
CWMP	1
Cypress Community College	1
Tada Corporation	1
Actors and other professionals for movie and television production, athletes, symphonies, ballet troupes	1
California Department of Correction and Rehabilitation	1
federal government	1
Commonweal's Juvenile Justice Program	1
Accrediting Commission	1
dealerships	1
CHDP	1
Environmental Information Defense Center	1
Northwest Coalition	1
Delta interests	1
Denti-Cal providers	1
Department of Technology	1
developers of California powerplants	1
The California Medical	1
SMARTER Balanced	1
developers and contractors	1
The California Disability Services	1
DHCS and the CPCA	1
DHCS Audits and Investigations Unit	1
DHS and the Air Resources Board	1
DHS and the Department of Finance	1
Diego County Laboratory	1
Women of color	1
FAIR Plan	1
Restaurants Central/Cannery	1
California High School Exit Examination	1
FEHA	1
EMSAAC	1
disease management organizations	1
CA	1
Several union representatives	1
UC academic medical centers	1
John McPartland	1
Robert M. Weygandt	1
Phil Serna	1
public health and conservation groups	1
District PTAs	1
OUSD Task Force for the Education of African-American	1
Public Health Nursing Program	1
DMH's Sex Offender Commitment Program	1
Lenders	1
Domestic Violence Service providers	1
GCLA	1
Los Angeles National	1
Div. of Epilepsy and Clinical	1
Berkeley Community Health	1
Trauma Care Program	1
The Campaign For	1
DVBEs	1
DVG America, Inc.	1
DVU	1
municipal electric utilities (munies)	1
Economic Workforce Development Training & Development Director, Butte	1
Edison and Pacific Gas and Electric Company	1
Education advocates	1
The Sierra	1
The Recovery California Coalition	1
EIG	1
electric vehicle advocacy groups	1
eleven individual letters	1
Loyal Order of Moose	1
emergency department doctors	1
Empire Breastfeeding Coalition	1
a broad coalition of housing developers and nonprofit housing providers	1
a coalition of business interests	1
a coalition of employers	1
a number of organizations	1
The Western	1
Employee Relations Board	1
School of Public Health of the University of California, Los Angeles	1
The Labor	1
Empowerment through Sustainable Solutions	1
Enact Universal Healthcare for California	1
Energency Efficiency, Orange	1
Energy developers	1
Energy Efficiency, Orange	1
enforcement agencies and organizations	1
enforcement organizations	1
Labor and Workforce	1
Los Angeles Port Community Advisory	1
environmental and business organizations	1
Environmental and housing advocates	1
environmental and public health organizations	1
environmental groups	1
environmental health organizations	1
environmental organizations and the Cities of Berkeley	1
Episcopal Diocese of County Citizens for the Prevention of Gun Violence	1
CSAC and CHEAC	1
ERPA	1
Association of Cooperative Labor Contractors	1
Joint	1
every health care practitioner who prescribes	1
Taxpayers	1
Chancellor's	1
state-chartered credit unions	1
CalWORKs Program	1
Air Resources	1
many local governments	1
Department of Corrections and Rehabilitation, Division of Juvenile Justice	1
federal Public Charter School Grant program	1
FACTS (Families Against California's Three Strikes)	1
Faculty groups	1
Families with a child or adult with a Developmental Disability	1
family members of HCBA Waiver recipients	1
Family Wellness program	1
FARE	1
Fatheros Rights and Equality Exchange	1
Val Verde Unified School	1
Fe Springs, Seal Beach, South El Monte, South Gate, South Pasadena, Temple City, Torrance, Walnut, Whittier	1
Federal Communications Commission	1
federal Drug Enforcement Administration (DEA)	1
Federal Reserve Bank of Chicago	1
Federation of California	1
regents and trustees	1
FWC	1
Magdalena Ecke Family YMCA Youth and Government Delegation	1
Wage and Hour Division of the United States Department of Labor	1
DEJ	1
Filipino Employees Association	1
CBCN	1
public sector employers	1
the opposition coalition	1
SSS	1
US General Accounting Office	1
Firearms for Policy Coalition	1
GMR	1
DCC	1
Joint enforcement Strike Force on the Underground Economy	1
fishing groups, related industries, and several conservation groups	1
five co-sponsoring tribes	1
Food and Beverage Manufacturing Consortium	1
Bureau of Alcohol, Tobacco, Firearms and Explosives	1
Contra Costa Water	1
DES Cancer Network, Endometriosis Association	1
Global Technologies, LLC, Hangers Cleaners	1
CALSSD	1
Drug Free Kids	1
Business, Industry & Government (BIG) Coalition of the South San Joaquin Valley	1
California Chapter of the American College of Emergency Physicians, and the Association of California Healthcare Districts	1
CalFresh	1
federal Semiquincentennial Commission	1
OSE	1
Literacy Program (FLP)	1
43 Individuals	1
People, Inc	1
American Career College/West Coast University and CAPPS	1
Physicians for Social Responsibility, Los Angeles and the San Francisco Bay Area chapters	1
Foundation for the Advancement of Medical Research	1
DASP	1
youth advocacy community	1
Town of San Martin	1
Constitution Revision Commission	1
US Department of Education	1
Sos Community Counseling	1
conservation, recreation and environmental organizations	1
Four homeowners' associations (Irvine, Laguna Woods, Mission Viejo, and Roseville)	1
Four manufacturing companies	1
Four of six COHS plans	1
Four Sponsors of the Bill, Affiliated with School Districts and Juvenile Traffic Courts	1
Four television networks	1
four television networks and one local television station	1
several waste management organizations	1
Cucamonga Valley Water	1
San Mateo, Alameda, Marin, and Contra Costa Counties	1
Santa Clara and San Joaquin counties	1
Fresno Council on Child County and Municipal Employees, AFL-CIO	1
Friends of the Ballona Wetlands	1
Orange County Breast Cancer	1
Association of California Life and Health Insurance Companies and the California Association of Health Plans	1
individual building owners	1
individuals opposing the bill	1
FDA and Health Canada	1
Golden State Life	1
UCRP	1
SFPUC	1
a coalition of clean air and environmental advocacy	1
Division of Measurement Standards	1
AFPA	1
CSA [Corrections Standards Authority]	1
National Human Trafficking Hotline	1
OSCC	1
Gas Vehicle Coalition	1
Access to Justice Commission	1
Board of State and Community Corrections	1
the tax attorney, tax accountant and business communities	1
Glenn and Tehama County Farm Bureaus	1
Government Services and Advanced Data Processing	1
ACTCM and PCOM	1
group of residents and officials in the Calexico area	1
groups against expanding access to alcohol	1
groups against the expansion of alcohol laws	1
Groups representing commercial financing providers	1
Groups representing numerous private employers	1
groups representing seniors	1
groups representing shorthand reporters both in and out of government service	1
groups representing specific student populations	1
groups seeking to prevent the proliferation of alcohol	1
groups that advocate for hunters and hunting interests	1
groups who oppose abortion	1
groups with the common interest in reducing traffic related injuries and deaths in the county	1
HA	1
hairstylists and nail/skin technicians	1
Kaiser CalPERS HMO	1
HCDs and the Association of Health Care Districts	1
health agencies charged with enforcing CURFFL	1
Health and dental plans and insurers, as well as business interests	1
health and environmental organizations	1
health care providers and health plans	1
Health Environmental Coalition	1
The Chamber of Commerce	1
Health insurance trade groups	1
Health insurers and business groups	1
Health insurers and labor groups	1
Health insurers	1
National Association of School	1
Health plans and business groups	1
Health plans and employer groups	1
Health plans and insurers, as well as pharmacy benefit managers	1
health plans and PBMs	1
health plans and physician groups	1
Health plans and the California Medical	1
Health Plans of California (LHPC)	1
Health plans, insurers and one employer coalition	1
Health plans, insurers and pharmacy benefit managers	1
Health plans, medical groups and IPAs	1
health service providers along with county human services and probation	1
Health Services Department Mental Health Division	1
Higher Education Leadership and Policy	1
PUCs	1
Roman Reed Spinal Cord Injury Research Program	1
CCC BOG	1
hospitality and tourism industry groups	1
hospitality industry groups and local restaurants	1
House of Representatives	1
housing and health organizations	1
CHSRA	1
COPA	1
AG's Office	1
AGO	1
UCI	1
Hundreds of agents and brokers	1
Hundreds of brokers	1
Hunting, firearms and agricultural organizations	1
Husky Club	1
Hydrogen and fuels coalitions	1
hydrogen production companies	1
IBank and CPCFA	1
Education workers	1
Numerous environmental groups	1
Numerous organizations	1
Several cities	1
U.S. EPA	1
IID	1
illustrators, graphic designers, and photographers	1
Immigrant Rights Commission	1
Immigration & Customs Enforcement	1
the carriers	1
Improving Colton, Coalition for Clean Air, Commerce City Council	1
Medi-Cal	1
county VSOs	1
Apple, Cisco, Dell, IBM, Google, HP, Motorola, Xerox, the Consumer Electronics Retailers	1
this coalition	1
Transportation Solutions Defense and Education Fund, TRANSDEF	1
AOCUC	1
Vendors and elections officials	1
CIVIC, Inc.	1
proponents	1
Municipal Water District	1
Texas Entertainment Association, Inc.	1
ACF	1
multi-state insurers	1
Sacramento Superior Court	1
Greenaction, Silicon Valley	1
HSC	1
local government safety officers	1
the department	1
SMARTER Balanced Assessment	1
SynerMed/ EHS Medical Group	1
the Club	1
Internet Entertainment Group	1
RUPA	1
a coalition of local government associations	1
California Hospital	1
California Swap Meet Owners	1
Family Winemakers of California and the California Grocers Association	1
Capitol City	1
the city	1
Sutter's Place Inc., doing business as Bay	1
the Council	1
the firm	1
Los Angeles Metropolitan Transportation	1
several hunting	1
the authors	1
CPPC	1
the author's office	1
nonprofit hospitals	1
the County	1
a coalition of environmental and active transportation groups	1
the Commission	1
a coalition of labor organizations	1
IWPRG	1
a coalition of organizations impacted by supply chain fees	1
Senate Insurance	1
Disease Prevention Demonstration Project	1
several affected	1
Assembly Committee on Housing & Community	1
Technet and the California Chamber of Commerce	1
in-state wine producers	1
public entities	1
large employers	1
Oakhurst area community	1
Christian Science nursing care	1
county agencies	1
Opponents to the current version of the bill	1
47 sport fishing groups	1
California State Association of Counties, the County Welfare Directors Association, and the California Mental Health Directors Association	1
drug and device manufacturers	1
Moms for Liberty Santa Clara County and Our Duty	1
Price Waterhouse Coopers (PwC) and BOE member George Runner	1
several Black Chambers of Commerce	1
several black chambers of Commerce	1
state's largest municipalities	1
National Center for Construction Education and Research (NCCER)	1
California Association of Health Underwriters and the California Medical Association	1
California Business Properties Association and the Institute of Real Estate Management	1
California Chamber of Commerce and the National Federation of Business	1
California Federation of Labor Unions and SEIU California	1
California Housing Consortium and Housing California	1
California Pan Ethnic Health Network and the California Black Health Network	1
California Work & Family Coalition and Legal Aid at Work	1
Cities of Huntington Park and Montebello	1
Consumer Attorneys of California and the Consumer Protection Policy Center at the University of San Diego Law School	1
Electronic Frontier Foundation and Rural County Representatives of California (RCRC)	1
Employment Development Department, the Department of Motor Vehicles, the Department of Health Services, and the California Highway Patrol	1
FCC	1
League of California Cities and the California Association of Joint Powers Authorities	1
Metropolitan Water District and the San Diego County Water Agency	1
Southport Setback Levee Project	1
Western Center on Law and Poverty and Health Access California	1
ethnic minority-and veteran-owned businesses	1
Redevelopment agencies, the CRA	1
individuals with developmental disabilities and their families	1
industrial and civic groups	1
Industrial Services, Inc., San Joaquin Valley	1
industries' associations	1
California Waste Recovery Industries, Inc.	1
CLC, California Chapter	1
FSC	1
NIADA	1
Silicon Valley Leadership Industry Association	1
Chlorine Industry Council of California	1
the federation	1
Innocence Matters	1
innocence projects operating at the California Western School of Law and Santa Clara University Law School	1
CHI	1
iHubs	1
California Fire Safe Council (CFSC)	1
SCHIP	1
Insurance provider community	1
insured population	1
Insurers and business groups	1
Insurers and some small business groups	1
National Parks Service	1
International Dark Sky Association	1
intervenors (public interest groups)	1
Liberty	1
owners of vehicles	1
The AAA	1
ISE Transportation	1
LC	1
VRBPAC and the ACIP	1
California Firefighters Memorial Fund	1
COHS	1
Pipetrades Council or EDF	1
wind association	1
broad coalition of numerous	1
children's advocacy and labor groups	1
Academic Senate	1
Cal-OSHA Standards Board	1
California Victim Compensation Board	1
Jackson Women's Health Organization	1
JCC	1
Johnson & Johnson Foundation	1
PLO	1
Justice Coalition of Water, Inland Empire	1
Nuclear Information and Resource	1
National Center for Juvenile Justice	1
Kern County Long-term Care Ombudsman Program	1
Office of Refugee Resettlement	1
labor and business organizations	1
Labor Commissioner's office	1
LACCD DMC	1
Laguna N. Neighborhood Association	1
Clearview AI	1
COR	1
NPA	1
CYFC	1
Department	1
IPCC	1
law enforcement advocates and criminal justice reform advocates	1
law enforcement and other management officials	1
law enforcement and taxpayer advocacy organizations	1
law enforcement groups	1
law enforcement organizations	1
law enforcement professionals	1
Law Judges and Hearing Officers in State (CASE)	1
LAWA	1
Los Angeles Mayor Antonio	1
LBAHC	1
LCSWs	1
Girl Scout San Gorgonio Troop 76	1
small family farmers	1
Civil Justice Association of California and the California Chamber of Commerce	1
legal aid groups	1
legal aid programs	1
Legal services programs	1
The private bar	1
Legion	1
State Council on Homelessness	1
health care and public safety stakeholders	1
coalition of boat and equipment manufacturers	1
coalition of citizen	1
coalition of affordable housing advocates including Circulate San Diego	1
coalition of associations representing business	1
coalition of consumer advocacy organizations	1
coalition of consumer protection groups and legal aid organizations	1
coalition of demand response	1
coalition of employer associations, including the California Chamber of Commerce	1
coalition of employer groups, including the California	1
coalition of employer organizations, including the California Chamber of Commerce	1
coalition of environmental justice and environmental organizations	1
coalition of health care providers	1
coalition of labor organizations	1
coalition of LGBTQ+ advocates	1
coalition of nonprofit legal organizations	1
coalition of opponents, including pesticide manufacturers, pest control operators, and agricultural trade organizations	1
coalition of payday lenders and other high-cost lenders	1
coalition of POUs	1
coalition of privacy and civil liberties advocacy organizations consisting of ACLU California, Electronic Frontier Foundation, Media Alliance, and Oakland Privacy	1
coalition of supporters, including Outdoor Outreach	1
coalition of supporting organizations	1
coalition of trade groups including CalChamber, TechNet, Civil Justice Association of California, Software Association, and American Association of Advertising Agencies	1
coalition of utilities	1
coalition of Veteran Service Organizations	1
coalition of worker advocates, including the California Rural Legal Assistance Foundation	1
large coalition of nonprofit organizations	1
majority of Americans	1
cannabis industry and union organizations	1
environmental and conservation organizations	1
civil rights organizations	1
law enforcement entities	1
variety of groups	1
AAM	1
Consulate General Of The Republic Of Azerbaijan Los Angeles	1
MPM Task Force	1
San Bernardino City Unified School	1
LHOs	1
Life insurers and producers	1
BOE or CDTFA	1
Assembly Committee on Revenue and Taxation	1
Little League	1
58 county health departments	1
littoral land owners	1
California Tax Reform Association and SEIU California	1
CEUP	1
local and state businesses, government, tribal, environmental and recreational interests	1
local boards of supervisors	1
Local chambers of commerce representing communities in the vicinity of the Salton Sea	1
The county	1
Local EMS agencies and counties	1
Local ESM agencies and counties	1
local fire departments statewide	1
local government entities and businesses	1
Local governments and hospital and health care provider groups	1
local governments and sign companies	1
Local law enforcement agencies	1
local not-for-profit electricity providers	1
Local public employers and their coalitions	1
Local public health entities	1
Local water agencies	1
The DWA	1
Loma Linda University and Azusa Pacific University	1
animal welfare organizations	1
Wildland Firefighter Foundation	1
Council	1
Attorney	1
Los Angeles and Ventura County District Attorneys	1
Los Angeles County MSU	1
Craigslist	1
area's tribes	1
Lung Association in California	1
welfare rights advocates	1
major California law firms	1
major companies that provide shared mobility devices	1
United Autoworkers of America	1
Management Group (SMG)	1
Manpower Demonstration Research Corporation	1
Manufacturers of medical inhalers	1
Motorcycle Industry Council and the Specialty Vehicle Institute of America	1
many civil rights advocacy organizations	1
Many DUI defense attorneys	1
Many environmental and clean fuel organizations	1
many hunting and gun rights organizations	1
many individual churches and some businesses	1
many local government entities	1
Many private businesses	1
many tribes	1
Marin County local officials and affordable housing builders	1
WPSA	1
county governments and the state	1
Department of Pathology and Laboratory	1
Medicine	1
Coalition to Support SB 1590	1
Assembly Environmental Safety and Toxic Materials	1
members of the industry	1
Members of the LGBTQ or disabled community	1
U.S. Department of Homeland Security	1
mental health providers and children's groups	1
California Association	1
Mentoring Program for At-Risk Youth	1
MHA of California	1
military groups and health care providers	1
Local Housing Trust Fund Matching Program	1
GovOps	1
Miramonte Elementary School	1
CHW	1
Mobile Climate Change Education Center	1
Inland	1
Many treating physicians	1
AFCC	1
opponents of SB 1591	1
mortgage guaranty insurers	1
RCDs	1
Motorcycle dealers	1
Multiple federal courts	1
multiple professional organizations	1
Municipal Advisory Council	1
Myriad groups in the public and private sectors and elected officials	1
NAIC	1
NCALG	1
The Strike Force	1
Board of Governors of the CCC	1
Neighborhood Watch, L.A.P.D. Reporting District 948	1
ERB and ERCOM	1
New Media Academy students at Venice High School	1
Newsom Administration	1
the Auditor	1
Cal Grant B	1
Health Insurance Counseling and Advocacy	1
Garden of Angels	1
The other faculty organizations	1
the law center	1
environmental interests	1
NRA-ILA and ACLU California Action	1
Senate Governance and Finance Committee	1
Consumer Attorneys of California and the Sierra Club	1
the broadcasters	1
CDI's Advisory Task Force on Insurance Fraud	1
Southern California Edison and PG&E	1
numerous core stakeholders in the 5150 arena	1
numerous environmental and civil justice organizations	1
numerous environmental and conservation organizations	1
numerous environmental and recreation organizations	1
numerous groups representing physicians, as well as Kaiser	1
numerous guide dog users, as well as the National Federation of the Blind California	1
numerous health workers at the University of California	1
numerous hunting and outdoorsmen's groups	1
numerous labor unions	1
businesses, schools and individuals	1
independent escrow companies	1
individual architects	1
individual constituents	1
individuals (many who are business members of MSPA)	1
individuals (many who are private investigators)	1
individuals (parents, diabetic persons, physicians, etc.)	1
individuals and groups on behalf of Partnership Academies	1
members of the Advocates for Seniors	1
Occupation Therapists	1
parents, educational leaders, teachers and community members	1
residents of Grass Valley and Nevada	1
independent escrow	1
numerous LHDs	1
numerous local agencies	1
numerous local entities within Santa Clara County	1
numerous mobilehome resident and homeowners associations	1
numerous mosquito and vector control districts	1
numerous natural and integrative medicine groups	1
numerous organizations and individuals	1
numerous organizations representing various sectors of local government plus the CSU	1
other associations and individuals	1
other bowling establishments	1
other businesses & local groups	1
other businesses and private citizens	1
other clinics and family practices	1
other Fire Districts, Departments and Associations	1
other groups and individuals	1
other individual antifreeze recycling companies	1
other insurers represented by Lloyd's U.S	1
other Korean and Asian organizations and citizens	1
other organizations and manufacturers	1
numerous performing arts organizations and individuals	1
numerous physician groups	1
Physiological County Associations	1
private and public schools and school districts	1
private investigators and private investigator firms	1
a large cadre of ADHCs/CBAS providers	1
advocates for LGBTQ health and a number of ethnic communities	1
numerous other cyclist advocates	1
Tuolumne County DA's	1
Tustin	1
Watsonville	1
Windsor	1
Yuba	1
a coalition of trade groups including CalChamber, TechNet, Civil Justice Association of California, Software Association, and American Association of Advertising Agencies	1
Protection of the Educational Rights of Kids (PERK)	1
several religious and other groups	1
Biotechnology firms and the California Chronic Care Coalition	1
CTRA	1
