leginfo_org,leginfo_bills,suggested_canonical,matched_name_in_crosswalk,matched_via,wratio,token_set_ratio
Sacramento Area Fire Fighters Local 522,14,Access Community Media,Access Sacramento,alt(chapter),85.5,74.1
"Sacramento Area Fire Fighters, Local 522",13,Access Community Media,Access Sacramento,alt(chapter),85.5,74.1
William Julian,11,"Adjunct General, Major General William H. Wade II","Adjunct General, Major General William H. Wade II",canonical,85.5,66.7
County of Poverty,9,City of Poverty,City of Poverty,canonical,87.5,87.5
211 LA County,8,California District Agricultural Association,"2nd DAA, San Joaquin County Fair",alt(chapter),85.5,63.2
"Libby Schaaf, Mayor of Oakland",7,City of Oakland - Libby Schaaf,City of Oakland - Libby Schaaf,canonical,85.7,83.3
CA Retailers Assoc,7,Car Dealers Association (CMCDA),Car Dealers Assoc,alt(alternate_spelling),85.7,80.0
Councilmember Paul Koretz,6,"Ann Kulchin, Carlsbad City Councilmember","Ann Kulchin, Carlsbad City Councilmember",canonical,85.5,68.4
52nd District,6,"American Legion Department of California, 22nd District","American Legion Department of California, 22nd District",canonical,86.4,76.2
3 individual letters,6,"Wheel, Sonora Chapter (28 individual letters)","Wheel, Sonora Chapter (28 individual letters)",canonical,87.7,66.7
San Miguel Fire Fighters,5,San Miguel Firefighters Darryl Hebert,San Miguel Firefighters Darryl Hebert,canonical,88.1,68.9
Individual letters (21),5,Advancement Via Individual Determination,Advancement Via Individual Determination,canonical,85.5,60.6
Individual letters (12),5,Advancement Via Individual Determination,Advancement Via Individual Determination,canonical,85.5,60.6
6 individual letters,5,"Wheel, Sonora Chapter (28 individual letters)","Wheel, Sonora Chapter (28 individual letters)",canonical,87.7,66.7
"Lisa Holder, former Task Force Member",4,AAPI Force,AAPI Force,canonical,85.5,66.7
Laborers' Local 792,4,CALIFORNIA STATE COUNCIL OF LABORERS,California State Council of Laborers Local 792,alt(chapter),87.6,64.3
"Dr. Cheryl Grills, former Task Force Member",4,AAPI Force,AAPI Force,canonical,85.5,66.7
"Don Tamaki, former Task Force Member",4,AAPI Force,AAPI Force,canonical,85.5,66.7
DFW,4,CALIFORNIA DEPARTMENT OF FISH AND WILDLIFE,CDFW,alt(alternate_spelling),85.7,85.7
Concerned individuals,4,Alliance for Children Concerned About,Alliance for Children Concerned About,canonical,85.5,60.0
CHEAC,4,CALIFORNIA HUNGER ACTION COALITION,CHAC,alt(alternate_spelling),88.9,88.9
CBHA,4,CBHDA,CBHDA,canonical,88.9,88.9
2 individual letters,4,"Wheel, Sonora Chapter (28 individual letters)","Wheel, Sonora Chapter (28 individual letters)",canonical,87.7,66.7
Supporters also,3,2018 PyeongChang Winter Olympics Supporters Association of Korean-American (USA),2018 PyeongChang Winter Olympics Supporters Association of Korean-American (USA),canonical,85.5,80.0
Ralph Nader,3,Amino Ralph Bunche Charter High School,Amino Ralph Bunche Charter High School,canonical,85.5,62.5
"Ontario Professional Firefighters, Local 1430",3,Professional Firefights,Professional Firefights,canonical,86.1,68.6
Ontario Professional Firefighters Local 1430,3,Professional Firefighters (CPF),Professional Firefighters (CPF),canonical,88.0,89.3
Ontario Professional Firefighters,3,CA Professional Firefighters,CA Professional Firefighters,canonical,89.6,94.3
Ninth District PTA,3,California State PTA,6th District PTA,alt(chapter),88.2,88.2
Councilmember Nancy Nadel,3,"Ann Kulchin, Carlsbad City Councilmember","Ann Kulchin, Carlsbad City Councilmember",canonical,85.5,68.4
CalPERG,3,CalPERS,CalPERS,canonical,85.7,85.7
CSAP,3,California State PTA,CSP,alt(alternate_spelling),85.7,85.7
CCAPP,3,CALIFORNIA ALTERNATIVE PAYMENT PROGRAM ASSOCIATION,CAPPA,alt(alternate_spelling),80.0,80.0
13 individual letters,3,"Wheel, Sonora Chapter (37 individual letters)","Wheel, Sonora Chapter (37 individual letters)",canonical,85.7,64.5
12 individual letters,3,"Wheel, Sonora Chapter (28 individual letters)","Wheel, Sonora Chapter (28 individual letters)",canonical,85.7,64.5
"j2 Global Communications, Inc",2,"XO Communications, Inc","XO Communications, Inc",canonical,87.7,92.7
for treatment and rehabilitation,2,Pain Treatment and Rehabilitation Centers,Pain Treatment and Rehabilitation Centers,canonical,88.7,76.7
author's office,2,Father's Office,Father's Office,canonical,86.7,80.0
Verify,2,Verily,Verily,canonical,83.3,83.3
Two individual attorneys,2,Over 75 Individual Attorneys,Over 75 Individual Attorneys,canonical,86.4,73.1
TTCA,2,TRANSPORTATION CORRIDOR AGENCIES,TCA,alt(alternate_spelling),85.7,85.7
Supporters should,2,2018 PyeongChang Winter Olympics Supporters Association of Korean-American (USA),2018 PyeongChang Winter Olympics Supporters Association of Korean-American (USA),canonical,85.5,74.1
Supporters further,2,2018 PyeongChang Winter Olympics Supporters Association of Korean-American (USA),2018 PyeongChang Winter Olympics Supporters Association of Korean-American (USA),canonical,85.5,71.4
Serono,2,Serano,Serano,canonical,83.3,83.3
San Francisco Fire Fighters IAFF Local 798,2,"San Francisco Firefighters, Local","San Francisco Firefighters, Local",canonical,88.0,74.7
Sacramento Mayor Kevin McCarty,2,Access Community Media,Access Sacramento,alt(chapter),85.5,74.1
SCCA,2,SANTA CRUZ CLIMATE ACTION NETWORK,SCCAN,alt(alternate_spelling),88.9,88.9
"Paul Koretz, Councilmember",2,"Ann Kulchin, Carlsbad City Councilmember","Ann Kulchin, Carlsbad City Councilmember",canonical,85.5,66.7
Pale Blue,2,AARP (American Association of Retired Persons),"AARP, Blue Mountain Chapter",alt(chapter),85.5,61.5
Obispo: Counties,2,AAA Advisory Council for Santa Barbara and San Luis Obispo Counties,AAA Advisory Council for Santa Barbara and San Luis Obispo Counties,canonical,87.1,66.7
Moreover,2,Rover,Rover,canonical,80.0,61.5
"Mayor of Oakland, Libby Schaaf",2,City of Oakland - Libby Schaaf,City of Oakland - Libby Schaaf,canonical,86.7,83.3
Martin Sheen,2,"AC Martin Partners, Inc","AC Martin Partners, Inc",canonical,85.5,66.7
Margaret Graham,2,"4th Grade GATE Class, Margaret Sheehy Elementary, Merced","4th Grade GATE Class, Margaret Sheehy Elementary, Merced",canonical,85.5,69.6
Judith Fuller,2,City of Clearlake Rick Fuller,City of Clearlake Rick Fuller,canonical,85.5,63.2
Jennifer Micheli,2,"City of Marysville, Finance Director Jennifer Styczynski","City of Marysville, Finance Director Jennifer Styczynski",canonical,85.5,66.7
Individual letters (68),2,Advancement Via Individual Determination,Advancement Via Individual Determination,canonical,85.5,60.6
Individual letters (22),2,Advancement Via Individual Determination,Advancement Via Individual Determination,canonical,85.5,60.6
Individual Economists,2,Advancement Via Individual Determination,Advancement Via Individual Determination,canonical,85.5,64.5
Indian Valley Indivisibe,2,Indivisible,Indivisible,canonical,85.7,62.9
HCAI,2,"HEALTHY COMMUNITIES, INC.",HCI,alt(alternate_spelling),85.7,85.7
GCC,2,CGCC,CGCC,canonical,85.7,85.7
Edward Asner,2,"Brigadier General Edward Banta, Commanding General of Marine","Brigadier General Edward Banta, Commanding General of Marine",canonical,85.5,66.7
Dufty,2,Our Duty,Our Duty,canonical,80.0,61.5
Drug Policy Alliance to increase the availability of needle exchange projects statewide and to reduce the incidence of infectious diseases such as HIV and viral hepatitis,2,DRUG POLICY ALLIANCE,Drug Policy Alliance 1,alt(alternate_spelling),87.9,95.2
"Dr. Cheryl Grills, Task Force Member",2,AAPI Force,AAPI Force,canonical,85.5,66.7
Councilmember Terry Taplin,2,"Ann Kulchin, Carlsbad City Councilmember","Ann Kulchin, Carlsbad City Councilmember",canonical,85.5,66.7
Councilmember Sophie Hahn,2,"Ann Kulchin, Carlsbad City Councilmember","Ann Kulchin, Carlsbad City Councilmember",canonical,85.5,68.4
Councilmember Nancy Gardner,2,"Boyd, Nancy","Boyd, Nancy",canonical,85.5,62.5
Councilmember Loren Taylor,2,"Ann Kulchin, Carlsbad City Councilmember","Ann Kulchin, Carlsbad City Councilmember",canonical,85.5,66.7
City of Youth,2,City of Plymouth,City of Plymouth,canonical,89.7,82.8
Chief's of Milpitas,2,Milpitas Police Department,Milpitas Chief of Police,alt(alternate_spelling),89.7,79.1
"CalRecycle May 2019 Biannual Report of Beverage Container Sales, Returns, Redemption, and Recycling Rates",2,1 x 1 Recycling Company,1 x 1 Recycling Company,canonical,85.5,60.0
CWLC,2,CALIFORNIA LEGISLATIVE COUNCIL FOR OLDER AMERICANS,CLC,alt(alternate_spelling),85.7,85.7
CSVS,2,CVS Health,CVS,alt(alternate_spelling),85.7,85.7
CPTA,2,CALIFORNIA TEACHER'S ASSOCIATION,CTA,alt(alternate_spelling),85.7,85.7
CNRA,2,CALIFORNIA NURSES ASSOCIATION,CNA,alt(alternate_spelling),85.7,85.7
CFCA,2,CALIFORNIA FORESTRY ASSOCIATION,CFA,alt(alternate_spelling),85.7,85.7
CCSA,2,CALCASA (California Coalition Against Sexual Assault),CACASA,alt(alternate_spelling),80.0,80.0
CCBHA,2,CALIFORNIA CHILDREN'S HOSPITAL ASSOCIATION,CCHA,alt(alternate_spelling),88.9,88.9
CAHNR,2,CalHR,CalHR,canonical,80.0,60.0
APG,2,CALIFORNIA ASSOCIATION OF PHYSICIAN GROUPS,CAPG,alt(alternate_spelling),85.7,85.7
APCIA,2,AMERICAN SOCIETY FOR THE PREVENTION OF CRUELTY TO ANIMALS,ASPCA,alt(alternate_spelling),80.0,80.0
A coalition of Veteran Service Organizations wrote,2,Veterans Service Organization,Veterans Service Organization,canonical,86.9,70.9
9 individual letters,2,"Wheel, Sonora Chapter (28 individual letters)","Wheel, Sonora Chapter (28 individual letters)",canonical,87.7,66.7
50/50 Women on Boards,2,Women Serve on Boards,Women Serve on Boards,canonical,86.4,83.3
5 individual letters,2,"Wheel, Sonora Chapter (28 individual letters)","Wheel, Sonora Chapter (28 individual letters)",canonical,87.7,66.7
3 Constituent Letters,2,One Constituent Letter,One Constituent Letter,canonical,88.4,83.7
26th District,2,"LA Council President Pro-Tempore, 12th District","LA Council President Pro-Tempore, 12th District",canonical,86.4,76.2
24 individual letters,2,"Wheel, Sonora Chapter (28 individual letters)","Wheel, Sonora Chapter (28 individual letters)",canonical,85.7,64.5
22 individual letters,2,"Wheel, Sonora Chapter (28 individual letters)","Wheel, Sonora Chapter (28 individual letters)",canonical,85.7,64.5
21 letters from individuals,2,Alandale Insurance Agency (Two letters from Independent Agents),Alandale Insurance Agency (Two letters from Independent Agents),canonical,85.5,61.5
21 individual letters,2,"Wheel, Sonora Chapter (28 individual letters)","Wheel, Sonora Chapter (28 individual letters)",canonical,85.7,64.5
20 individual letters,2,"Wheel, Sonora Chapter (28 individual letters)","Wheel, Sonora Chapter (28 individual letters)",canonical,85.7,64.5
10 constituent letters,2,One Constituent Letter,One Constituent Letter,canonical,86.4,72.7
(Per Assembly Revenue and Taxation Committee,2,Action Committee,Action Committee,canonical,87.1,72.0
the ports of Stockton and West Sacramento,1,East Sacramento,East Sacramento,canonical,86.9,80.0
"the lesbian, gay, bisexual, and transgender community. It wrongly links",1,"San Diego Lesbian, Gay, Bisexual, and Transgender Community","San Diego Lesbian, Gay, Bisexual, and Transgender Community",canonical,85.7,72.3
the financial burden of paying for certain costs resulting from the commitment of persons to Atascedero State Hospital who are neither,1,Atascadero State Hospital,Atascadero State Hospital,canonical,86.4,71.8
the Mortgage Association,1,Gee Association,Gee Association,canonical,86.9,84.6
the Alameda County District Attoney's Office believed that false evidence was used against Mr. Ross and supported the petition. On February 20,1,District Attorneys,Alameda County District Attorney's Office,alt(chapter),87.8,84.5
that each,1,"Coalition, and Worksite Wellness LA do not feel that","Coalition, and Worksite Wellness LA do not feel that",canonical,85.5,61.5
structure of local provider networks. San Francisco Health,1,"Network, San Francisco","Network, San Francisco",canonical,85.9,74.3
stitute of Oceanography,1,Institution of Oceanography,Institution of Oceanography,canonical,88.0,88.0
solidly,1,Solid,Solid,canonical,83.3,66.7
of the Entrepreneurs Foundation,1,Entrepreneurs of Tomorrow Foundation,Entrepreneurs of Tomorrow Foundation,canonical,88.4,93.1
of the Department of Alcohol & Drug Programs,1,California Department of Alcohol and Drug Programs,California Department of Alcohol and Drug Programs,canonical,89.9,92.1
of Lesbian and Gays Organization,1,Us Organization,Us Organization,canonical,86.9,88.9
letters from 71 individuals,1,Alandale Insurance Agency (Two letters from Independent Agents),Alandale Insurance Agency (Two letters from Independent Agents),canonical,85.5,61.5
letters from 39 individuals,1,Alandale Insurance Agency (Two letters from Independent Agents),Alandale Insurance Agency (Two letters from Independent Agents),canonical,85.5,61.5
legaSeas,1,Sears,Sears,canonical,80.0,61.5
lectricité de France Renewables,1,3Phases Renewables,3Phases Renewables,canonical,85.5,71.4
"labor issues. To amplify California's concerns, the Technology, Trade, and Commerce Agency has, both",1,"Technology, Trade and Commerce Agency","Technology, Trade and Commerce Agency",canonical,87.6,91.2
jax Vineyards,1,Ceja Vineyards,Ceja Vineyards,canonical,88.9,88.9
its medical section CA Toracic Society,1,Thoracic Society,Thoracic Society,canonical,87.1,60.9
including the cities of Sacramento,1,Access Community Media,Access Sacramento,alt(chapter),85.5,74.1
iUnlimited Investigative Services,1,Affiliated Investigative Services,Affiliated Investigative Services,canonical,87.9,87.9
iCloud,1,Cloud9,Cloud9,canonical,83.3,83.3
has been provided to Committee,1,10-20 Club,10-20 Life Committee,alt(alternate_spelling),85.5,62.1
guaranty insurance to be mortgage insurance for,1,Mortgage Guarantee Insurance Corp,Mortgage Guaranty Insurance Corp,alt(alternate_spelling),86.9,78.3
for DFW,1,100% CAMPAIGN: HEALTH INSURANCE FOR EVERY CALIFORNIA CHILD,The 100% Campaign: Health Insurance for Every California,alt(alternate_spelling),85.5,60.0
denied membership on the Teachers' Retirement Board simply,1,Teachers Retirement Board,Teachers Retirement Board,canonical,86.4,78.0
critical to restore freight and passenger rail service on the North Coast,1,Service of the North Coast,Service of the North Coast,canonical,86.5,73.2
coverage. Supporters,1,2018 PyeongChang Winter Olympics Supporters Association of Korean-American (USA),2018 PyeongChang Winter Olympics Supporters Association of Korean-American (USA),canonical,85.5,66.7
and translation services,1,Unified Translation Services,Unified Translation Services,canonical,88.5,69.2
and Jim Madaffer,1,City of Carlsbad Jim Madaffer,City of Carlsbad Jim Madaffer,canonical,87.1,85.7
a coalition of water agencies,1,Association of Water Agencies,Association of Water Agencies,canonical,86.2,75.9
a coalition of law enforcement organizations,1,CALIFORNIA COALITION OF LAW ENFORCEMENT ASSOCIATIONS,CA Coalition of Law Enforcement Associations,alt(alternate_spelling),88.6,61.4
a coalition of employment rights advocacy organizations,1,Coalition of Civil Rights Organizations,Coalition of Civil Rights Organizations,canonical,87.1,68.1
"Zach Hilton, Councilmember",1,"Ann Kulchin, Carlsbad City Councilmember","Ann Kulchin, Carlsbad City Councilmember",canonical,85.5,66.7
Yolo County Library Advisory Board,1,Stanislaus County Library Advisory Board,Stanislaus County Library Advisory Board,canonical,87.5,92.1
World Huaren Federation,1,American Federation of Television and Radio Artists,American Federation of Television and Radio Artists,canonical,85.5,60.6
William Kennedy,1,"Adjunct General, Major General William H. Wade II","Adjunct General, Major General William H. Wade II",canonical,85.5,63.6
West Sacramento Mayor Martha Guerrero,1,Access Community Media,Access Sacramento,alt(chapter),85.5,74.1
"Watsonville Professional Firefighters, Local 1272",1,Professional Firefights,Professional Firefights,canonical,86.1,68.6
"Water Committee, Western Municipal Water",1,Eastern Municipal Water,Eastern Municipal Water,canonical,88.0,78.9
"Waste, Community Recycling and Resource",1,Community Recycling and Resource Inc,Community Recycling and Resource Inc,canonical,89.4,94.1
WRITTEN COMMUNICATIONS: On file with Committee,1,10-20 Club,10-20 Life Committee,alt(alternate_spelling),85.5,62.1
Vivian Marquez,1,"Marquez Brothers International, Inc","Marquez Brothers International, Inc",canonical,85.5,66.7
Violet Parker,1,APRIL Parker Foundation,APRIL Parker Foundation,canonical,85.5,63.2
Venice Action Alliance,1,In Alliance,In Alliance,canonical,85.7,84.2
Various private investigator associations,1,Investigators Association,Investigators Association,canonical,86.4,66.7
Various PTA organizations,1,Various State Employee Organizations,Various State Employee Organizations,canonical,86.7,68.9
Valerie Pham,1,Valerie Rasmussen Court Reporting,Valerie Rasmussen Court Reporting,canonical,85.5,73.7
Two Individual Attorneys,1,Over 75 Individual Attorneys,Over 75 Individual Attorneys,canonical,86.4,90.9
Two Families,1,A to Z Families for Safe Streets,A to Z Families for Safe Streets,canonical,85.5,80.0
Trucking Services,1,Earthcycle Trucking Service,Earthcycle Trucking Service,canonical,87.3,72.7
Traditional (Corbett),1,Alliance for California Traditional Acts,Alliance for California Traditional Acts,canonical,85.5,68.8
Todd Giedt,1,C. D. Giedt & Company,C. D. Giedt & Company,canonical,85.5,66.7
Their false,1,C.O.A.C.H. for Kids and Their Families,C.O.A.C.H. for Kids and Their Families,canonical,85.5,62.5
The neighborhoods adjacent to the Cow Palace have had more than their,1,California District Agricultural Association,"1-A DAA, Cow Palace",alt(chapter),85.5,69.0
"The honorable Willie Brown, Mayor of San Francisco",1,"Willie L. Brown, Jr., Mayor of San Francisco","Willie L. Brown, Jr., Mayor of San Francisco",canonical,88.7,90.0
The Mortgage Institute,1,Sage Institute,Sage Institute,canonical,86.7,78.3
"The Honorable Heather Fargo, Mayor of Sacramento",1,Access Community Media,Access Sacramento,alt(chapter),85.5,74.1
"The Honorable Edwin Lee, Mayor of San Francisco",1,California District Agricultural Association,"5th DAA, San Francisco",alt(chapter),85.5,74.3
The George R. Volland family,1,The George G. Glenner Alzheimer's,The George G,alt(alternate_spelling),86.1,90.9
Terry Warth,1,Bonnie Terry Learning,Bonnie Terry Learning,canonical,85.5,62.5
Terry Edwards,1,"A.G. Edwards & Sons, Inc","A.G. Edwards & Sons, Inc",canonical,85.5,70.0
Ted Rue,1,"Board of Equalization Chair, Senator Ted Gaines","Board of Equalization Chair, Senator Ted Gaines",canonical,85.5,60.0
"Teamsters Local 63,137, 150, 315, 350, 386, 396, 431, 517, 542, 856, 890, UNITE HERE",1,International Brotherhood of Teamsters,Teamsters Local 36,alt(chapter),87.4,90.9
Teachers and other school staff provide an additional layer,1,Teachers AT,Teachers AT,canonical,85.7,84.2
Taxpayers for Defenders Association,1,California Taxpayers Association,CA Taxpayers Association,alt(alternate_spelling),88.7,93.3
Sudwerk Brewery,1,Alvarado Street Brewery & Grill,Alvarado Street Brewery & Grill,canonical,85.5,63.6
Steven Belzer,1,District Attorneys,"Amador County District Attorney, Steven Cilenti",alt(alternate_spelling),85.5,63.2
"Steve Castaneda, Councilmember",1,"Steve Brandau, Councilmember","Steve Brandau, Councilmember",canonical,86.2,86.2
Steve Allen,1,"Allen & Benedict, Inc","Allen & Benedict, Inc",canonical,85.5,62.5
Stephanie Beverage,1,African-American Beverage & Grocers Association,African-American Beverage & Grocers Association,canonical,85.5,61.5
State Teachers Retirement System (STRS) - Co-sponsor (staff recommendation),1,STATE TEACHER'S RETIREMENT SYSTEM,State Teachers' Retirement System (STRS),alt(alternate_spelling),88.8,85.7
State Teachers Retirement System (STRS) (staff recommendation),1,STATE TEACHER'S RETIREMENT SYSTEM,State Teachers' Retirement System (STRS),alt(alternate_spelling),88.8,85.7
Stakeholders writing,1,Boyle Heights Stakeholders Association,Boyle Heights Stakeholders Association,canonical,85.5,75.0
Staff RN,1,AMERICAN FEDERATION OF TEACHERS,AFT College Staff Guild,alt(chapter),85.5,76.9
Six Individual Letters,1,Advancement Via Individual Determination,Advancement Via Individual Determination,canonical,85.5,62.5
"Sheila Brogna, Attorney at Law",1,Attorneys at Law,Attorneys at Law,canonical,87.1,65.2
Shawn Fong,1,City of Aliso Viejo Shawn Nelson,City of Aliso Viejo Shawn Nelson,canonical,85.5,66.7
Sharon Pierce,1,Academic Senate for the California Community Colleges,"Sharon Crasnow, Academic Senate President, Norco College",alt(alternate_spelling),85.5,63.2
Sharon Cohen,1,Academic Senate for the California Community Colleges,"Sharon Crasnow, Academic Senate President, Norco College",alt(alternate_spelling),85.5,66.7
Seven pediatricians,1,American Academy of Pediatricians,American Academy of Pediatricians,canonical,85.5,61.5
Servs. Task Force,1,32nd Street Canyon Task Force,32nd Street Canyon Task Force,canonical,85.5,74.1
"Senator M.L. Dierks, Agriculture Committee Chair, Nebraska",1,10-20 Club,10-20 Life Committee,alt(alternate_spelling),85.5,62.1
"Senator M. L. Dierks, Agriculture Committee Chair, Nebraska",1,10-20 Club,10-20 Life Committee,alt(alternate_spelling),85.5,62.1
See Comment 7 for a lengthy list of support,1,See Comment 1,See Comment 1,canonical,86.4,91.7
"Section, Committee",1,Action Committee,Action Committee,canonical,88.2,88.2
Second Wives Crusade,1,4th Second,4th Second,canonical,85.5,75.0
"Scott Weiner, Supervisor - District 8, San Francisco",1,"Scott Weiner, San Francisco County Supervisor","Scott Weiner, San Francisco County Supervisor",canonical,86.8,91.6
Schmiederer Family Farms,1,49 Farms,49 Farms,canonical,85.5,76.9
"Schbolfield Solar Energy Company, Inc., San Buena Ventura",1,"Schofield Solar Energy Company, San Buena Ventura - 2","Schofield Solar Energy Company, San Buena Ventura - 2",canonical,89.5,90.9
Sarah Shena,1,Atomic Film Company Sarah G. & Richard L Harlow,Atomic Film Company Sarah G. & Richard L Harlow,canonical,85.5,62.5
Sarah Houghton,1,"American Legion, Houghton Park Post 560","American Legion, Houghton Park Post 560",canonical,85.5,72.7
Santa Ynez Chumash Teen Program,1,10p Program,10p Program,canonical,85.5,77.8
Santa (Nava) Officers Association,1,Santa Ana Peace Officers Association,Santa Ana Peace Officers Association,canonical,87.0,88.1
Sand Manufacturing Corporation,1,Paulson Manufacturing,Paulson Manufacturing Corporation,alt(alternate_spelling),88.9,90.9
"San Miguel Professional Firefighters, Local 1434",1,Professional Firefights,Professional Firefights,canonical,86.1,68.6
San Francisco Mayor's Office on Disability,1,California District Agricultural Association,"5th DAA, San Francisco",alt(chapter),85.5,74.3
San Francisco Mayor's Office of Disability,1,Office of the Mayor of San Francisco,Office of the Mayor of San Francisco,canonical,88.9,82.1
Sam Wan,1,Chi Wan Mok Herbalist,Chi Wan Mok Herbalist,canonical,85.5,60.0
Salewa,1,Safeway,Safeway,canonical,76.9,76.9
Sacramento Mayor Kevin Johnson,1,Access Community Media,Access Sacramento,alt(chapter),85.5,74.1
Sacramento Mayor Heather Fargo,1,Access Community Media,Access Sacramento,alt(chapter),85.5,74.1
Sacramento Councilmember Steve Cohn,1,Access Community Media,Access Sacramento,alt(chapter),85.5,74.1
Sacramento Councilmember Jimmie R. Yee,1,Access Community Media,Access Sacramento,alt(chapter),85.5,74.1
Sacramento Asian Pacific Chamber: of Commerce,1,Sacramento ASE,Sacramento ASE,canonical,86.7,83.3
Sacramento Area Fire Fighters (Local 522),1,Access Community Media,Access Sacramento,alt(chapter),85.5,74.1
SPONSOR! Association,1,California District Agricultural Association,California District Agricultural Association,canonical,85.5,71.0
SFPTA,1,San Francisco County Transportation Authority (SFCTA),SFCTA,alt(alternate_spelling),80.0,80.0
SFCRA,1,SACRAMENTO AREA FLOOD CONTROL AGENCY,SAFCA,alt(alternate_spelling),80.0,80.0
SFBRA,1,SBRHA,SBRHA,canonical,80.0,80.0
SB 879,1,American Legion Post 879,American Legion Post 879,canonical,85.5,66.7
SB 85 - Knight,1,Auto Knight Motor Club,Auto Knight Motor Club,canonical,85.5,60.0
"SB 798, Page ceases to operate legally in Mexico",1,32 Por Mexico,32 Por Mexico,canonical,85.5,63.2
"SB 27 (Simitian), currently in the Assembly Committee on Water, Parks, and Wildlife",1,"Committee on Water, Parks and Wildlife","Committee on Water, Parks and Wildlife",canonical,87.6,91.4
SB 2086 - Thompson,1,Bill Thompson Investigations,Bill Thompson Investigations,canonical,85.5,61.5
SASD,1,SASCO,SAS,alt(alternate_spelling),85.7,85.7
SAFCEI,1,SCRUBS ADDRESSING THE FIREARM EPIDEMIC,SAFE,alt(alternate_spelling),80.0,80.0
SACN,1,SPORTFISHING ASSOCIATION OF CALIFORNIA,SAC,alt(alternate_spelling),85.7,85.7
Ron Allen,1,"Allen & Benedict, Inc","Allen & Benedict, Inc",canonical,85.5,71.4
"Robert Garcia, Mayor of Long Beach",1,City of Long Beach-Robert Garcia,City of Long Beach-Robert Garcia,canonical,86.9,60.6
Rev. John Anderson,1,Adams and Anderson Insurance Brokers,Adams and Anderson Insurance Brokers,canonical,85.5,61.5
Renton &ferry Farms,1,Renton and Terry Farms,Renton and Terry Farms,canonical,87.8,82.9
Renee Kiff,1,Fraser Communications,"Renee White Fraser, PhD., President & CEO, Fraser",alt(alternate_spelling),85.5,66.7
Regional Poison Control Center. See end of this analysis for a,1,Poison Control Centers,Poison Control Centers,canonical,85.9,77.8
"Redevelopment Agencies of the Cities of Alhambra, Belmont, Brea, Carson, Ceres, Chico, Chula Vista, Culver City, El Cerrito, Emeryville, Hawaiian",1,Redevelopment Agency,Redevelopment Agency,canonical,87.7,78.8
"Recycling Association, Peninsula Sanitary",1,1 x 1 Recycling Company,1 x 1 Recycling Company,canonical,85.5,60.0
Received by Committee or per Assembly analysis,1,10-20 Club,10-20 Life Committee,alt(alternate_spelling),85.5,62.1
"Rape of Nanking"" Redress Coalition",1,10 Freeway Coalition,10 Freeway Coalition,canonical,85.5,62.1
REV Ocean,1,American Oceans Campaign,American Ocean Campaign,alt(alternate_spelling),85.5,71.4
RCAM,1,CALIFORNIA ASSOCIATION OF MUSEUMS,CAM,alt(alternate_spelling),85.7,85.7
Punk Voter,1,"African American Voter Registration, Education, and Participation","African American Voter Registration, Education, and Participation",canonical,85.5,66.7
Public Employee Retirement System Board of,1,California Public Employees Retirement System Board of Administration,California Public Employees Retirement System Board of Administration,canonical,87.9,88.0
"Protection and SB 2077 (OoConnell) Advocacy, Inc",1,Protection and Advocacy,"Protection and Advocacy, Inc. (PAI)",alt(alternate_spelling),88.4,81.4
Professionals (prior version),1,A Union of Educators and Classified Professionals,A Union of Educators and Classified Professionals,canonical,85.5,61.9
Professionals (UNAC/ UHCP),1,"American Federation of State, County and Municipal Employees (AFSCME)","United Nurses Associations of California/Union of Health Care Professionals (UNAC/UHCP), AFSCME",alt(chapter),86.4,66.7
"Professional Firefighters, AFSCME and CALPIRG, property taxes are the most important revenue stream for local governments and AB 920 will",1,Professional Firefights,Professional Firefights,canonical,88.0,68.6
Process Profiles,1,"A California Process & Attorney Service, Inc","A California Process & Attorney Service, Inc",canonical,85.5,60.9
Pomona Library Foundation,1,718 Foundation,718 Foundation,canonical,85.5,83.3
"Police Chiefs of Claremont, El Monte, Irwindale, Pomona, Redding, San Gabriel, San Marino, South Pasadena, West Covina",1,"Police Departments of Claremont, El Monte, Irwindale, Pasadena, Pomona, Redding, San Gabriel, San Marino, West","Police Departments of Claremont, El Monte, Irwindale, Pasadena, Pomona, Redding, San Gabriel, San Marino, West",canonical,88.8,94.0
"Pico Union/Westlake Cluster Network, Inc",1,Picolenion Westlake Cluster Network,Picolenion Westlake Cluster Network,canonical,88.0,85.3
Physicians Society,1,Memorial Care,Memorial Care Physician Society,alt(chapter),87.4,69.4
Phyllis Diller,1,Cap'n Zach's Crabhouse Inc. - FV Miss Phyllis,Cap'n Zach's Crabhouse Inc. - FV Miss Phyllis,canonical,85.5,66.7
Phillip Jelsma,1,City of Costa Mesa Phillip V. Coleman,City of Costa Mesa Phillip V. Coleman,canonical,85.5,66.7
Personnel Management Assn. of Aztlan,1,"Personnel Management Association of Aztlan, Los",Personnel Management Association of Aztlan,alt(alternate_spelling),89.7,90.9
"Paula Tavrow, PhD, Director, Bixby Program in Population and Reproductive",1,10p Program,10p Program,canonical,85.5,77.8
Paula Ortega,1,A.M. Ortega,A.M. Ortega Construction,alt(alternate_spelling),85.5,66.7
Paula Cole,1,"Associates, Paula Stillman, President","Associates, Paula Stillman, President",canonical,85.5,66.7
Paul White,1,ADVENTIST HEALTH,Adventist Health White Memorial,alt(chapter),85.5,66.7
Paul Robeson Chapter of the ACLU,1,American Civil Liberties Union,Paul Robeson Chapter of the American Civil Liberties Union of Northern,alt(chapter),85.6,91.5
Patti Tang,1,"Patti Bowers, Executive Officer, California Board of Accountancy","Patti Bowers, Executive Officer, California Board of Accountancy",canonical,85.5,66.7
Patrick Macnee,1,Birch Patrick Convalescent Center at Sharp Chula Vista Medical Center,Birch Patrick Convalescent Center at Sharp Chula Vista Medical Center,canonical,85.5,66.7
Patricia Quick,1,City of Mountain View Patricia Showalter,City of Mountain View Patricia Showalter,canonical,85.5,72.7
Patricia Larson,1,City of Mountain View Patricia Showalter,City of Mountain View Patricia Showalter,canonical,85.5,69.6
Patricia Kite,1,City of Mountain View Patricia Showalter,City of Mountain View Patricia Showalter,canonical,85.5,76.2
Patricia Berlin,1,City of Mountain View Patricia Showalter,City of Mountain View Patricia Showalter,canonical,85.5,69.6
"Patricia & Donald Wills, Placerville",1,Attorneys Placerville,Attorneys Placerville,canonical,85.5,68.8
Pasadena Firefighters,1,Pasadena Firefighter Association,Pasadena Firefighter Association,canonical,87.8,75.5
Pamela Pickup,1,"Chula Vista City Councilwoman, Pamela Bensoussan","Chula Vista City Councilwoman, Pamela Bensoussan",canonical,85.5,63.2
Pamela Hoye,1,"Chula Vista City Councilwoman, Pamela Bensoussan","Chula Vista City Councilwoman, Pamela Bensoussan",canonical,85.5,70.6
Pacifica Library Foundation,1,Placentia Library Foundation,Placentia Library Foundation,canonical,87.3,87.3
"Pacific Interment Service, Inc",1,Pacific Tint,Pacific Tint,canonical,86.1,73.7
PCWA,1,COMMUNICATION WORKERS OF AMERICA,CWA,alt(alternate_spelling),85.7,85.7
Overseas Vote Foundation,1,The Foundation (CSU San Bernardino),The Foundation,alt(alternate_spelling),86.7,83.3
Over 35,1,Over 25,Over 25,canonical,85.7,85.7
Orange SB 1018 (Simitian) County Council on Aging,1,Orange County Council on Aging,"Council on Aging, FAST, Orange County",alt(alternate_spelling),87.7,78.7
"Orange County Reclamation Authority, Sunnyslope",1,South Orange County Reclamation Authority,South Orange County Reclamation Authority,canonical,87.5,86.4
Orange County (prior version),1,California District Agricultural Association,"32nd DAA, Orange County Fair & Exposition Center",alt(chapter),85.5,61.9
"Orange City Firefighters, Local 2384",1,Local 1430 Orange City Firefighters,Local 1430 Orange City Firefighters,canonical,87.7,90.1
OpenSea,1,OpenStax,OpenStax,canonical,80.0,80.0
Open Medicine Foundation,1,718 Foundation,718 Foundation,canonical,85.5,83.3
Older Women's League (previous version),1,Older Women's League-SF,Older Women's League-SF,canonical,85.9,72.2
Office of the CIO,1,CITY ATTORNEY'S OFFICE,Office of the City Attorney,alt(alternate_spelling),87.3,86.7
Office of San Francisco Mayor London Breed,1,Office of the Mayor of San Francisco,Office of the Mayor of San Francisco,canonical,88.9,93.5
Occidental CSD,1,"Center for Food and Justice, Urban and Environmental Policy Institute, Occidental College","Center for Food and Justice, Urban and Environmental Policy Institute, Occidental College",canonical,85.5,83.3
Oakland City Mayor Jerry Brown,1,CITY OF OAKLAND,City of Oakland Mayor,alt(alternate_spelling),87.7,92.3
OCSD,1,Los Osos Community Services District,LOCSD,alt(alternate_spelling),88.9,88.9
Numerous pupils,1,CMF Chapter of the California Correctional Peace Officers Association Numerous MTAs,CMF Chapter of the California Correctional Peace Officers Association Numerous MTAs,canonical,85.5,69.6
Numerous Sureties,1,CMF Chapter of the California Correctional Peace Officers Association Numerous MTAs,CMF Chapter of the California Correctional Peace Officers Association Numerous MTAs,canonical,85.5,64.0
Numerous Mediators,1,CMF Chapter of the California Correctional Peace Officers Association Numerous MTAs,CMF Chapter of the California Correctional Peace Officers Association Numerous MTAs,canonical,85.5,61.5
Numerous LCSWs,1,CMF Chapter of the California Correctional Peace Officers Association Numerous MTAs,CMF Chapter of the California Correctional Peace Officers Association Numerous MTAs,canonical,85.5,72.7
Numerous (Maze),1,CMF Chapter of the California Correctional Peace Officers Association Numerous MTAs,CMF Chapter of the California Correctional Peace Officers Association Numerous MTAs,canonical,85.5,69.6
No letters on file,1,Other Letters On File,Other Letters On File,canonical,87.2,61.5
"Nina Taylor, Library Director",1,A Living Library,A Living Library,canonical,85.5,60.9
Nicole Foundation,1,Coil Foundation,Coil Foundation,canonical,87.5,81.2
Nicholas Jr,1,Nicholas Roxborough and Associates,Nicholas Roxborough and Associates,canonical,85.7,84.2
New Breath Foundation,1,The Foundation (CSU San Bernardino),The Foundation,alt(alternate_spelling),86.7,83.3
NeuroRelational Framework Institute,1,Pacific Institute,Pacific Institute,canonical,85.5,69.2
"Natural Resouirces Defense Council, San Francisco",1,Natural Resources Defense,Natural Resources Defense,canonical,86.4,75.0
Native Directions Inc./Three Rivers Indian Lodge,1,"Native Directions, Inc","Native Directions, Inc",canonical,87.9,60.0
"National Baptist Convention USA, Inc, Dr. Willie Gable, Jr., Pastor",1,"National Baptist Convention, USA","National Baptist Convention, USA",canonical,88.6,66.7
Nathan Valdez,1,Beaumont Police Department Investigator Alfonso Valdez,Beaumont Police Department Investigator Alfonso Valdez,canonical,85.5,63.2
Ms. Shirley Burnell,1,CITY OF BERKELEY,Shirley Dean,alt(alternate_spelling),85.5,73.7
"Mr. William F. Ardizzone, President, Long Beach Firefighters",1,Long Beach Fire Fighers,Long Beach Fire Fighers,canonical,86.1,60.6
Mr. Traffic,1,A + Professional Driving and Traffic Schools,A + Professional Driving and Traffic Schools,canonical,85.5,77.8
Mr. John Anderson,1,Adams and Anderson Insurance Brokers,Adams and Anderson Insurance Brokers,canonical,85.5,64.0
"Mr. Eric Goines, of Sacramento",1,Access Community Media,Access Sacramento,alt(chapter),85.5,74.1
Mr. Corner Modular Cabinets,1,Bowlers Corner,Bowlers Corner,canonical,85.5,60.0
Mr Hip Marketing,1,ACG Cotton Marketing LLC,ACG Cotton Marketing LLC,canonical,85.5,72.0
Morgan Hill Library Foundation,1,5rights Foundation,5rights Foundation,canonical,85.5,71.4
Monica Zuniga,1,"Allan Saunders, Insurance-Surety Bonds, Santa Monica","Allan Saunders, Insurance-Surety Bonds, Santa Monica",canonical,85.5,63.2
Mitchell Keiter,1,Billie Mitchell Productions,Billie Mitchell Productions,canonical,85.5,69.6
Michelle Dille,1,Board of Equalization Member Michelle Steele,Board of Equalization Member Michelle Steele,canonical,85.5,72.7
"Mendocino County Librarian, Mindy Kittay, Pasadena Public Libraries, Director Jan Sanders",1,Mendocino County Library,Mendocino County Library,canonical,88.1,80.0
"Mendocino County Librarian, Mindy Kittay",1,Mendocino County Library,Mendocino County Library,canonical,88.1,80.0
"Mayor of Sacramento, Kevin Johnson",1,City of Sacramento - Kevin Johnson,City of Sacramento - Kevin Johnson,canonical,88.2,85.3
"Mayor of Long Beach, Robert Garcia",1,City of Long Beach-Robert Garcia,City of Long Beach-Robert Garcia,canonical,87.9,78.8
Mayor Stephen Pougnet,1,Stephen P. Pougnet,Stephen P. Pougnet,canonical,89.1,90.9
Mayor Robert Garcia of Long Beach,1,City of Long Beach-Robert Garcia,City of Long Beach-Robert Garcia,canonical,86.9,80.0
Mayor Libby Schaaf of Oakland,1,City of Oakland - Libby Schaaf,City of Oakland - Libby Schaaf,canonical,85.7,88.5
"Mayor Kevin Johnson, Sacramento",1,Access Community Media,Access Sacramento,alt(chapter),85.5,74.1
Mayor Flory,1,City of Santa Barbara,"City of Santa Barbara, Office of Mayor",alt(alternate_spelling),85.5,62.5
"Matthew Solomon, Councilmember - Emeryville",1,Artesia Councilmember,Artesia Councilmember,canonical,85.5,76.5
Matt Gray,1,Berkeley Berkeley Gray Panthers Housing Committee,Berkeley Berkeley Gray Panthers Housing Committee,canonical,85.5,61.5
"Mateo, Santa Clara, Santa Cruz, Shasta, Solano, Sonoma, Stanislaus, Ventura, Yolo, and Yuba",1,"Joaquin, San Luis Obispo, Santa Clara, Santa Cruz, Shasta, Solano, Sonoma, Stanislaus, Ventura, Yolo, Yuba","Joaquin, San Luis Obispo, Santa Clara, Santa Cruz, Shasta, Solano, Sonoma, Stanislaus, Ventura, Yolo, Yuba",canonical,88.3,93.1
"Mary K. Stroube, Attorney at Law",1,Attorneys at Law,Attorneys at Law,canonical,87.1,62.5
Marsha Edwards,1,"A.G. Edwards & Sons, Inc","A.G. Edwards & Sons, Inc",canonical,85.5,66.7
"Mario G. Obledo, Sacramento",1,Access Community Media,Access Sacramento,alt(chapter),85.5,74.1
"Marina Martinez, Program Director, Mi Casita Parent",1,10p Program,10p Program,canonical,85.5,77.8
Marilyn Cantlay,1,Long Beach Marilyn Goebel Escrow Company,Long Beach Marilyn Goebel Escrow Company,canonical,85.5,63.6
Margaret Fleming,1,"4th Grade GATE Class, Margaret Sheehy Elementary, Merced","4th Grade GATE Class, Margaret Sheehy Elementary, Merced",canonical,85.5,66.7
Margaret DalPorto,1,"4th Grade GATE Class, Margaret Sheehy Elementary, Merced","4th Grade GATE Class, Margaret Sheehy Elementary, Merced",canonical,85.5,64.0
Marcia Salter,1,Charles M Salter & Associates,Charles M Salter & Associates,canonical,85.5,63.2
Marcia Berris,1,Marcia Bethel (agent),Marcia Bethel (agent),canonical,85.5,63.2
Manuel Amaya,1,African American Attorneys Wiley Manuel Bar Association,African American Attorneys Wiley Manuel Bar Association,canonical,85.5,66.7
MMCI,1,MCI,MCI,canonical,85.7,85.7
Lucito Insurance Agency,1,Lohr Insurance Agency,Lohr Insurance Agency,canonical,86.4,86.5
"Lorie Zapf, Councilmember",1,"Ann Kulchin, Carlsbad City Councilmember","Ann Kulchin, Carlsbad City Councilmember",canonical,85.5,68.4
Loretta Gilmore,1,"Doty, Sundheim & Gilmore","Doty, Sundheim & Gilmore",canonical,85.5,63.6
Loni Gray,1,Berkeley Berkeley Gray Panthers Housing Committee,Berkeley Berkeley Gray Panthers Housing Committee,canonical,85.5,61.5
Long Beach Pittsburg,1,Academic Senate for the California Community Colleges,Academic Senate of Long Beach City College,alt(chapter),85.5,66.7
Log Off,1,37 Off Road and Dual Sport Divisions,37 Off Road and Dual Sport Divisions,canonical,85.5,60.0
Liz Weber,1,Dewey Weber Surfboards,Dewey Weber Surfboards,canonical,85.5,71.4
Listed as support on analysis for Assembly Committee on Revenue and Taxation,1,10-20 Club,10-20 Life Committee,alt(alternate_spelling),85.5,62.1
Linda Adams,1,Adams & Adams Consulting and Training,Adams & Adams Consulting and Training,canonical,85.5,62.5
Library Director Yolo County,1,Yolo County Law Library,Yolo County Law Library,canonical,86.0,90.5
Leslie Kemp,1,Calaveras County Assessor Leslie Davis,Calaveras County Assessor Leslie Davis,canonical,85.5,70.6
Leroy Brown,1,"Albert Costa, Costa Brown Architecture","Albert Costa, Costa Brown Architecture",canonical,85.5,62.5
Leonard Padilla Bail Bonds,1,Acme Bail Bonds,Acme Bail Bonds,canonical,85.5,80.0
Leonard Padilla,1,Annette Padilla Consulting,Annette Padilla Consulting,canonical,85.5,63.6
Leo Sullivan,1,"C.J. Sullivan & Co., Inc","C.J. Sullivan & Co., Inc",canonical,85.5,80.0
Leeza Gibbons,1,Gibbons Surgical Corporation,Gibbons Surgical Corporation,canonical,85.5,70.0
Lawrence Fishburne,1,Allen Lawrence & Associates Insurance Brokers,Allen Lawrence & Associates Insurance Brokers,canonical,85.5,61.5
Lastly,1,Fastly,Fastly,canonical,83.3,83.3
Larry Moore,1,Alexia Moore Wine and Marketing,Alexia Moore Wine and Marketing,canonical,85.5,62.5
Larry Burns,1,Burns & McDonnell Engineering Company,Burns & McDonnell Engineering Company,canonical,85.5,62.5
Labrea Station,1,Allergy Station @ SacENT,Allergy Station @ SacENT,canonical,85.5,66.7
LaBrea Station,1,Allergy Station @ SacENT,Allergy Station @ SacENT,canonical,85.5,66.7
L.A. DA,1,L.A. CADA,L.A. CADA,canonical,87.5,87.5
L.A. D.A.'s Office,1,L.A. Sheriff's Office,L.A. Sheriff's Office,canonical,87.7,75.9
L.A. County Commission for,1,Riverside County Commission for Women,Riverside County Commission for Women,canonical,86.7,89.4
Kipland Howard,1,ADVENTIST HEALTH,Adventist Health Howard Memorial,alt(chapter),85.5,60.0
"Kevin M. Esvelt, MIT Media Lab",1,11:11 Media,11:11 Media,canonical,85.5,62.5
"Kevin Johnson, Mayor of Sacramento",1,City of Sacramento - Kevin Johnson,City of Sacramento - Kevin Johnson,canonical,86.9,79.4
Kenneth Giberson,1,"Emanuels, Kenneth and Associates","Emanuels, Kenneth and Associates",canonical,85.5,60.9
Keith Hansen Hansen,1,Anita K Hansen Executive Coach and Consulting,Anita K Hansen Executive Coach and Consulting,canonical,85.5,66.7
Kathryn Hopkins,1,Anthony Hopkins Investigations,Anthony Hopkins Investigations,canonical,85.5,63.6
Katherine Henao,1,Katharine & George Alexander Community Law Center at Santa Clara University School of Law,Katherine & George Alexander Community Law,alt(alternate_spelling),85.5,75.0
"Karl Olson, Attorney at Law",1,Attorneys at Law,Attorneys at Law,canonical,87.1,74.4
Karl Luft,1,City of San Marcos Karl Bauer,City of San Marcos Karl Bauer,canonical,85.5,61.5
Karen Boone,1,Alameda County Superintendent of Schools,Alameda County Superintendent of Schools L. Karen Monroe,alt(alternate_spelling),85.5,62.5
"Karen Belk, Paso Robes",1,Paso Robles,Paso Robles,canonical,85.7,60.6
Julia Funk,1,Julia A. Lopez Child Development Center,Julia A. Lopez Child Development Center,canonical,85.5,66.7
Joyce Sam,1,Buckeye Union School District,"Joyce Flanigan, Superintendent, Buckeye School District",alt(alternate_spelling),85.5,71.4
Joseph Mellett,1,Audrey Joseph Presents,Audrey Joseph Presents,canonical,85.5,60.0
Jon Wizard City Councilmember,1,City of City Council Member,City Council Member,alt(alternate_spelling),87.6,70.8
Jon Wizard - Councilmember,1,"Joe Huizar, Councilmember","Joe Huizar, Councilmember",canonical,86.3,70.6
John Long,1,100 Black Men,100 Black Men of Long Beach,alt(chapter),85.5,61.5
"John Laird, Assembly Member Emeritus, 27th District",1,California District Agricultural Association,"27th DAA, Shasta District Fair",alt(chapter),85.5,60.5
John Fall,1,"AIA Architect, John Kelley","AIA Architect, John Kelley",canonical,85.5,61.5
Joanna Katz,1,Ronna Katz,Ronna Katz,canonical,85.7,85.7
Jessy Hernandez,1,Aileen C. Hernandez Associates,Aileen C. Hernandez Associates,canonical,85.5,75.0
Jerry Atkinson,1,Atkinson & Gallinatti,Atkinson & Gallinatti,canonical,85.5,72.7
Jennifer Newell,1,"City of Marysville, Finance Director Jennifer Styczynski","City of Marysville, Finance Director Jennifer Styczynski",canonical,85.5,69.6
Jennifer Chilton,1,"City of Marysville, Finance Director Jennifer Styczynski","City of Marysville, Finance Director Jennifer Styczynski",canonical,85.5,66.7
"Jennifer Baues, MSW, U.C. Davis Medical Center, Child Protection",1,UC Davis Medical Center,UC Davis Medical Center,canonical,86.1,72.2
Jenifer Hernandez,1,Aileen C. Hernandez Associates,Aileen C. Hernandez Associates,canonical,85.5,69.2
Jeffrey Beyer,1,District Attorneys,"Jeffrey Rosen, District Attorney",alt(alternate_spelling),85.5,70.0
Jeffery Burgh,1,"Jeffery J. Gale, Attorney at Law","Jeffery J. Gale, Attorney at Law",canonical,85.5,70.0
"Jean Warmes, Councilmember",1,"Ann Kulchin, Carlsbad City Councilmember","Ann Kulchin, Carlsbad City Councilmember",canonical,85.5,66.7
Jean Long,1,100 Black Men,100 Black Men of Long Beach,alt(chapter),85.5,61.5
Jean Edwards,1,"A.G. Edwards & Sons, Inc","A.G. Edwards & Sons, Inc",canonical,85.5,73.7
"Janice Li, Member, BART Board of Directors",1,MTA Board of Directors,MTA Board of Directors,canonical,85.7,90.0
Janet Seals,1,Aunt and Uncle to Kristopher Janet Stevens,Aunt and Uncle to Kristopher Janet Stevens,canonical,85.5,62.5
Janet Leigh,1,Aunt and Uncle to Kristopher Janet Stevens,Aunt and Uncle to Kristopher Janet Stevens,canonical,85.5,62.5
Jane Alvarez,1,CITY OF MODESTO,Eric E. Alvarez - Modesto City Councilmember,alt(alternate_spelling),85.5,73.7
Jane Alexander,1,Alexander & Alexander,Alexander & Alexander,canonical,85.5,90.0
"Jack D. Cohen, Attorney at Law",1,Attorneys at Law,Attorneys at Law,canonical,87.1,65.2
"Institute, Newman, Aaronson, Vanaman, Attorneys",1,"Newman, Aaronson, Vanaman, Attorneys at Law","Newman, Aaronson, Vanaman, Attorneys at Law",canonical,85.9,91.1
Institute is fortunate to have broad,1,Pacific Institute,Pacific Institute,canonical,85.5,69.2
Innavision Preparation Foundation,1,Lion Foundation,Lion Foundation,canonical,86.9,80.0
InnaVision Preparation Foundation,1,Lion Foundation,Lion Foundation,canonical,86.9,80.0
"Industry assessment $25,000 annually upon adoption (revenue)",1,Industry Assn,Industry Assn,canonical,86.4,76.2
Individual letters (90),1,Advancement Via Individual Determination,Advancement Via Individual Determination,canonical,85.5,60.6
Individual letters (77),1,Advancement Via Individual Determination,Advancement Via Individual Determination,canonical,85.5,60.6
Individual letters (51),1,Advancement Via Individual Determination,Advancement Via Individual Determination,canonical,85.5,60.6
Individual letters (45),1,Advancement Via Individual Determination,Advancement Via Individual Determination,canonical,85.5,60.6
Individual letters (38),1,Advancement Via Individual Determination,Advancement Via Individual Determination,canonical,85.5,60.6
Individual letters (35),1,Advancement Via Individual Determination,Advancement Via Individual Determination,canonical,85.5,60.6
Individual letters (19),1,Advancement Via Individual Determination,Advancement Via Individual Determination,canonical,85.5,60.6
Individual letters (17),1,Advancement Via Individual Determination,Advancement Via Individual Determination,canonical,85.5,60.6
Individual letters (15),1,Advancement Via Individual Determination,Advancement Via Individual Determination,canonical,85.5,60.6
Individual judges,1,Advancement Via Individual Determination,Advancement Via Individual Determination,canonical,85.5,74.1
Individual dentists,1,Advancement Via Individual Determination,Advancement Via Individual Determination,canonical,85.5,69.0
Individual Podiatrists,1,Advancement Via Individual Determination,Advancement Via Individual Determination,canonical,85.5,62.5
Individual Peninsula,1,Advancement Via Individual Determination,Advancement Via Individual Determination,canonical,85.5,66.7
Individual Letters (38),1,Advancement Via Individual Determination,Advancement Via Individual Determination,canonical,85.5,60.6
Individual Letters (28),1,Advancement Via Individual Determination,Advancement Via Individual Determination,canonical,85.5,60.6
Individual Letters (22),1,Advancement Via Individual Determination,Advancement Via Individual Determination,canonical,85.5,60.6
Individual Contacts (7),1,1-800 Contacts,1-800 Contacts,canonical,85.5,72.7
Individual - Studio Kids Management,1,Kids! Management,Kids! Management,canonical,87.1,76.9
Individual - Extra & Kids Management,1,Kids! Management,Kids! Management,canonical,87.1,76.9
Inc. Bob Belt and Evelyn Connelly,1,"Bob Belt and Evelyn Connelly, Citizens of Needles","Bob Belt and Evelyn Connelly, Citizens of Needles",canonical,88.7,73.1
Inc. (dba Holiday and SAV MOR Foods) PAQ,1,"North State Grocery, Inc. (dba Holiday and SAV MOR Foods)","North State Grocery, Inc. (dba Holiday and SAV MOR Foods)",canonical,89.6,94.7
"Ilana Murphy, Acupuncturist",1,California Certified Acupuncturists Association,California Certified Acupuncturist Association,alt(alternate_spelling),85.5,65.0
If the district,1,Fifth District,Fifth District,canonical,89.7,69.0
ISE Transportation recharged,1,S & S Transportation,S & S Transportation,canonical,88.7,87.5
Hypnosis Motivation Institute,1,One Institute,One Institute,canonical,86.4,81.8
"Hugo Soto-Martinez, Councilmember",1,Artesia Councilmember,Artesia Councilmember,canonical,85.5,76.5
"However, using information from its April 2020 survey, CDE",1,2020 Mom,2020 Mom,canonical,85.5,66.7
"Howard L. Hoffenberg, Esq",1,Law Office of Howard L. Hoffenberg,Law Office of Howard L. Hoffenberg,canonical,86.0,67.8
"Honorable Todd Gloria, Councilmember",1,Artesia Councilmember,Artesia Councilmember,canonical,85.5,76.5
"Honorable Steve Castaneda, Councilmember",1,Artesia Councilmember,Artesia Councilmember,canonical,85.5,76.5
Honorable Mary Salas,1,Alliance of California Judges Honorable John S. Adams,Alliance of California Judges Honorable John S. Adams,canonical,85.5,62.1
"Honorable London Breed, San Francisco Mayor",1,California District Agricultural Association,"5th DAA, San Francisco",alt(chapter),85.5,74.3
Honorable Lois Wolk,1,Alliance of California Judges Honorable John S. Adams,Alliance of California Judges Honorable John S. Adams,canonical,85.5,64.3
"Honorable Libby Schaaf, Mayor of Oakland",1,City of Oakland - Libby Schaaf,City of Oakland - Libby Schaaf,canonical,85.7,74.3
"Honorable Josh Bryant, Councilmember",1,Artesia Councilmember,Artesia Councilmember,canonical,85.5,76.5
"Honorable Dean Andal, Member BOE",1,"Honorable Dean Andal, Member of Board of Equalization","Honorable Dean Andal, Member Board of Equalization",alt(alternate_spelling),88.6,93.3
"Hon. Kevin McKeown, Councilmember",1,Artesia Councilmember,Artesia Councilmember,canonical,85.5,76.5
"Hon. Joan Darrah, Mayor, Stockton",1,A.C.L.C,"A.C.L.C., Stockton",alt(chapter),85.5,61.5
Henry Der,1,Anne and Henry Zarrow School of Social Work,Anne and Henry Zarrow School of Social Work,canonical,85.5,71.4
Help Is Hope Foundation,1,718 Foundation,718 Foundation,canonical,85.5,83.3
Helen Hunt,1,Charles and Helen Schwab Foundation,Charles and Helen Schwab Foundation,canonical,85.5,66.7
Heartwood Institute,1,Heart Institute,Heart Institute,canonical,88.2,88.2
Healthy Parks Healthy Communties,1,"Healthy Parks, Healthy Communties, The Trust for Public Land","Healthy Parks, Healthy Communties, The Trust for Public Land",canonical,87.2,63.2
Harry Wu,1,City of Atascadero Harry L. Ovitt,City of Atascadero Harry L. Ovitt,canonical,85.5,76.9
"Harold Fryday, Attorney at Law",1,Attorneys at Law,Attorneys at Law,canonical,87.1,65.2
Harold & Lucille Jones,1,620 Jones,620 Jones,canonical,85.5,71.4
"Haidar Awad, Councilmember",1,"Ann Kulchin, Carlsbad City Councilmember","Ann Kulchin, Carlsbad City Councilmember",canonical,85.5,66.7
Gwilson,1,Wilson Ag,Wilson Ag,canonical,83.1,62.5
Government Finance Officers Association,1,SB Association,SB Association,canonical,86.7,88.0
"Gloria Sewell-Murphy, Member/EDC Commissioner BMCR/ EHUMC, Richmond",1,Agricultural Commissioner,Agricultural Commissioner,canonical,85.5,64.9
Gloria Pantoja,1,City of Arcadia Gloria Cortez Keene,City of Arcadia Gloria Cortez Keene,canonical,85.5,60.0
"Glenn Pope, Individual",1,Advancement Via Individual Determination,Advancement Via Individual Determination,canonical,85.5,62.5
Ghost Pine Native Plant Nursery,1,ABC Nursery,ABC Nursery,canonical,85.5,77.8
Gerard Sorensen,1,"Burke, Williams, Sorensen & Gear","Burke, Williams, Sorensen & Gear",canonical,85.5,69.6
Geraldine Edwards,1,Citrus College,"Geraldine M. Perri, Ph.d., Superintendent/president, Citrus College",alt(alternate_spelling),85.5,69.2
George Mannon,1,Alameda Health System and John George Psychiatric Hospital,Alameda Health System and John George Psychiatric Hospital,canonical,85.5,63.2
Generally Accepted Accounting Principles. AB 253 is pending in the,1,Accounting Principals,Accounting Principals,canonical,85.7,64.5
Gary Miller,1,"Ann Miller Ravel, County Counsel","Ann Miller Ravel, County Counsel",canonical,85.5,70.6
Gary Knight,1,Alexandra Knight Inc,Alexandra Knight Inc,canonical,85.5,70.6
Gabriel Quinto,1,Active San Gabriel Valley,Active San Gabriel Valley,canonical,85.5,66.7
"Gabe Quinto, Councilmember",1,"Ann Kulchin, Carlsbad City Councilmember","Ann Kulchin, Carlsbad City Councilmember",canonical,85.5,66.7
Frank Parra,1,Billy DeFrank LGBTQ Community Center,Bill De Frank Community,alt(alternate_spelling),85.5,62.5
Frances Roth,1,Frances Cabrini School in San,Frances Cabrini School in San,canonical,85.5,73.7
Fran Larson,1,Al Larson Boat Shop,Al Larson Boat Shop,canonical,85.5,70.6
Foundation and other park supporters,1,Foundation Ra,Foundation Ra,canonical,86.4,87.0
Former FPPC Commissioner Colleen McAndrews,1,Agricultural Commissioner,Agricultural Commissioner,canonical,85.5,64.9
"Forest Bazat, PharmD, Assistant Clinical Professor, School of Pharmacy",1,"Forest Batz, PharmD, Assistant Clinical Professor, School of Pharmacy, University of California, San Francisco","Forest Batz, PharmD, Assistant Clinical Professor, School of Pharmacy, University of California, San Francisco",canonical,88.1,87.1
Foodini,1,Foodlink,Foodlink,canonical,80.0,80.0
Food and Beverage Manufacturing Consortium funders forum and supply chain mapping,1,Eagle Manufacturing Co,Eagle Manufacturing Co,canonical,85.9,74.3
Five MDs,1,Bay Area First Five Executive Directors,Bay Area First Five Executive Directors,canonical,85.5,66.7
Five Individual Letters,1,Advancement Via Individual Determination,Advancement Via Individual Determination,canonical,85.5,60.6
Finen Family,1,1736 Family Crisis Center,1736 Family Crisis Center,canonical,85.5,66.7
Families need this,1,A to Z Families for Safe Streets,A to Z Families for Safe Streets,canonical,85.5,61.5
Families Achieving Success,1,Families ACT,Families ACT,canonical,86.1,80.0
FLL CSD,1,Avila Beach CSD,Avila Beach CSD,canonical,85.5,60.0
FBA,1,FBAC,FBAC,canonical,85.7,85.7
FATE,1,Associated Transportation Engineers,ATE,alt(alternate_spelling),85.7,85.7
Eugene Moses,1,Agudath Israel of California Professor Eugene Volokh,Agudath Israel of California Professor Eugene Volokh,canonical,85.5,66.7
Erik Mason,1,"California Conference of Mason Contractor Associations, Inc","California Conference of Mason Contractor Associations, Inc",canonical,85.5,66.7
"Eric Hippeau, Managing Partner, Softbank Capital",1,1st Capital Bank,1st Capital Bank,canonical,85.5,60.9
"Enforcement Program Monitor, which found that MBC ""is often",1,10p Program,10p Program,canonical,85.5,77.8
Emmett Burroughs,1,Burroughs Family Orchards,Burroughs Family Orchards,canonical,85.5,72.0
"Elizabeth Katz, MHP",1,City of Cudahy,"Elizabeth Alcantar, Vice Mayor, Cudahy",alt(alternate_spelling),85.5,64.3
"Elizabeth Hess, LCSW",1,City of Cudahy,"Elizabeth Alcantar, Vice Mayor, Cudahy",alt(alternate_spelling),85.5,62.1
Elaine Tummond,1,California State Auditor,"Elaine Howle, California State Auditor",alt(alternate_spelling),85.5,60.0
Eckhoff Accountancy Corporation,1,BNG Accountancy Corporation,BNG Accountancy Corporation,canonical,87.4,92.0
East County Fire Chief,1,Kern County Fire Department and Office of Emergency Services,Kern County Fire Chief,alt(alternate_spelling),86.4,87.2
Earth Discovery Institute,1,Ocean Discovery Institute,Ocean Discovery Institute,canonical,88.0,86.4
EWD Program,1,California Health Benefits Review Program,California Health Benefits Review Program,canonical,85.7,77.8
Dr. Lorna Breen Heroes' Foundation,1,5rights Foundation,5rights Foundation,canonical,85.5,71.4
Dr. Christine Haller,1,American College of Emergency Physicians Christine McDavit,American College of Emergency Physicians Christine McDavit,canonical,85.5,62.1
"Doug Elmets, Elmets Communication",1,Elmets Communications,Elmets Communications,canonical,87.8,77.8
Donald King,1,"Alpine County Assessor/Recorder, Donald O'Connor","Alpine County Assessor/Recorder, Donald O'Connor",canonical,85.5,70.6
"Donald Garcia, Former Mayor and Councilmember",1,Mayor's and Councilmembers' Association of Sonoma County Legislative Committee,Mayors and Councilmembers,alt(alternate_spelling),86.3,65.7
"Division, Public: Health Nursing Program",1,Kern County Department of Public Health,"Kern County Department of Public Health, Nursing Division, Public Health Nursing Program",alt(chapter),88.9,88.9
District to receive two consecutive years of class,1,District Two,District Two,canonical,86.1,80.0
"Diane Ketell, Superintendent",1,Acalanes Union High School District,Superintendent of the Acalanes Union High School District,alt(alternate_spelling),85.5,66.7
Desean Frazier,1,"Center for Community Change, Frazier Park","Center for Community Change, Frazier Park",canonical,85.5,66.7
Deputy Fire Marshall,1,City of Montclair Deputy Fire Marshal,City of Montclair Deputy Fire Marshal,canonical,87.7,71.0
"Defense Council, Northwest Coalition for",1,10 Freeway Coalition,10 Freeway Coalition,canonical,85.5,62.1
December 7 Movement,1,December Seven Movement,December Seven Movement,canonical,89.7,94.4
Deborah Bautista,1,Access Committee of the San Juan Bautista Rotary,Access Committee of the San Juan Bautista Rotary,canonical,85.5,66.7
"Daniel Solomon Design Partners, San Francisco",1,California District Agricultural Association,"5th DAA, San Francisco",alt(chapter),85.5,74.3
DHMHS,1,David & Margaret Home,DMH,alt(alternate_spelling),75.0,75.0
DHL,1,DISTRICT HOSPITAL LEADERSHIP FORUM,DHLF,alt(alternate_spelling),85.7,85.7
DHF,1,DISTRICT HOSPITAL LEADERSHIP FORUM,DHLF,alt(alternate_spelling),85.7,85.7
Cynthia Sterling,1,City of West Sacramento Cynthia Morgan,City of West Sacramento Cynthia Morgan,canonical,85.5,60.9
Culture Scholar Corporation,1,LEAR Corporation,LEAR Corporation,canonical,87.1,81.5
"Cow Palace, 1A Dist. Ag. Assoc",1,California District Agricultural Association,"1-A DAA, Cow Palace",alt(chapter),85.5,65.3
Court ruling in United Guaranty Residential Insurance,1,CAL Insurance,CAL Insurance,canonical,86.4,81.8
County of Santa Anna,1,City of Santa Anna,City of Santa Anna,canonical,89.5,89.5
County of Lieber & Stumph,1,County of LA,County of LA,canonical,86.1,85.7
County of Legal/Court Interpretation Program,1,County of LA,County of LA,canonical,86.1,85.7
County of Jr,1,Community Health Agency for Riverside County,County of Riverside Community Health Agency,alt(alternate_spelling),86.1,85.7
County of Irrigation Council,1,Action Council of Monterey County,Action Council,alt(alternate_spelling),86.7,66.7
County Fire Fighters Local 1014,1,San Fire Fighters Local,San Fire Fighters Local,canonical,86.0,90.5
County Family Court and Services,1,County of Family Services,County of Family Services,canonical,88.9,93.6
Counselors (prior version),1,Abuse Counselors,Abuse Counselors,canonical,85.5,76.9
"Councilmember, 7th District",1,"Steven Neal, Councilmember 9th District","Steven Neal, Councilmember 9th District",canonical,87.1,78.8
"Councilmember, 2nd District",1,"Steven Neal, Councilmember 9th District","Steven Neal, Councilmember 9th District",canonical,87.1,72.7
"Councilmember, 14th District",1,"Los Angeles Councilmember, 4th District, David E. Ryu","Los Angeles Councilmember, 4th District, David E. Ryu",canonical,86.8,66.7
Councilmember Wendy Thomas,1,"Ann Kulchin, Carlsbad City Councilmember","Ann Kulchin, Carlsbad City Councilmember",canonical,85.5,66.7
Councilmember Sol Jobrack,1,"Ann Kulchin, Carlsbad City Councilmember","Ann Kulchin, Carlsbad City Councilmember",canonical,85.5,68.4
Councilmember Soheila Bana,1,"Ann Kulchin, Carlsbad City Councilmember","Ann Kulchin, Carlsbad City Councilmember",canonical,85.5,66.7
Councilmember Sara Lamnin,1,"Ann Kulchin, Carlsbad City Councilmember","Ann Kulchin, Carlsbad City Councilmember",canonical,85.5,68.4
Councilmember Sam Allevato,1,"Ann Kulchin, Carlsbad City Councilmember","Ann Kulchin, Carlsbad City Councilmember",canonical,85.5,66.7
Councilmember Paula Devine,1,"Ann Kulchin, Carlsbad City Councilmember","Ann Kulchin, Carlsbad City Councilmember",canonical,85.5,66.7
Councilmember Paul Canepa,1,"Ann Kulchin, Carlsbad City Councilmember","Ann Kulchin, Carlsbad City Councilmember",canonical,85.5,68.4
Councilmember Omar Torres,1,"Ann Kulchin, Carlsbad City Councilmember","Ann Kulchin, Carlsbad City Councilmember",canonical,85.5,68.4
Councilmember Nelson Esparza,1,Alan C. Nelson,Alan C. Nelson,canonical,85.5,60.0
Councilmember Mike Johnson,1,"Ann Kulchin, Carlsbad City Councilmember","Ann Kulchin, Carlsbad City Councilmember",canonical,85.5,66.7
Councilmember Mary England,1,"Ann Kulchin, Carlsbad City Councilmember","Ann Kulchin, Carlsbad City Councilmember",canonical,85.5,66.7
Councilmember Magdalena Carrasco,1,Artesia Councilmember,Artesia Councilmember,canonical,85.5,76.5
Councilmember Lori Droste,1,"Ann Kulchin, Carlsbad City Councilmember","Ann Kulchin, Carlsbad City Councilmember",canonical,85.5,68.4
Councilmember Kevin Haroff,1,"Ann Kulchin, Carlsbad City Councilmember","Ann Kulchin, Carlsbad City Councilmember",canonical,85.5,66.7
Councilmember Katie Valenzuela,1,"Rita Valenzuela, Councilmember","Rita Valenzuela, Councilmember",canonical,86.0,86.7
Councilmember Katherine Lee,1,"Katherine Aleman, Councilmember, Norco","Katherine Aleman, Councilmember, Norco",canonical,87.4,73.8
Councilmember Joe Carchio,1,"Ann Kulchin, Carlsbad City Councilmember","Ann Kulchin, Carlsbad City Councilmember",canonical,85.5,68.4
Councilmember Jesse Zwick,1,"Ann Kulchin, Carlsbad City Councilmember","Ann Kulchin, Carlsbad City Councilmember",canonical,85.5,68.4
Councilmember Jerry Jones,1,620 Jones,620 Jones,canonical,85.5,71.4
Councilmember Jenny Kassan,1,"Ann Kulchin, Carlsbad City Councilmember","Ann Kulchin, Carlsbad City Councilmember",canonical,85.5,66.7
Councilmember Janice Hahn,1,"Ann Kulchin, Carlsbad City Councilmember","Ann Kulchin, Carlsbad City Councilmember",canonical,85.5,68.4
Councilmember Igor Tregub,1,"Ann Kulchin, Carlsbad City Councilmember","Ann Kulchin, Carlsbad City Councilmember",canonical,85.5,68.4
Councilmember Erin Minett,1,"Ann Kulchin, Carlsbad City Councilmember","Ann Kulchin, Carlsbad City Councilmember",canonical,85.5,68.4
Councilmember Emily Ramos,1,"Ann Kulchin, Carlsbad City Councilmember","Ann Kulchin, Carlsbad City Councilmember",canonical,85.5,68.4
Councilmember Donna Colson,1,"Ann Kulchin, Carlsbad City Councilmember","Ann Kulchin, Carlsbad City Councilmember",canonical,85.5,66.7
Councilmember Dick Daniels,1,"Ann Kulchin, Carlsbad City Councilmember","Ann Kulchin, Carlsbad City Councilmember",canonical,85.5,66.7
Councilmember Dennis Zine,1,"Ann Kulchin, Carlsbad City Councilmember","Ann Kulchin, Carlsbad City Councilmember",canonical,85.5,68.4
Councilmember Das Williams,1,"Ann Kulchin, Carlsbad City Councilmember","Ann Kulchin, Carlsbad City Councilmember",canonical,85.5,66.7
Councilmember Darrell Fong,1,"Ann Kulchin, Carlsbad City Councilmember","Ann Kulchin, Carlsbad City Councilmember",canonical,85.5,66.7
Councilmember Chris Ricci,1,"Ann Kulchin, Carlsbad City Councilmember","Ann Kulchin, Carlsbad City Councilmember",canonical,85.5,68.4
Councilmember Carroll Fife,1,"Ann Kulchin, Carlsbad City Councilmember","Ann Kulchin, Carlsbad City Councilmember",canonical,85.5,66.7
"Councilmember Caity Maple, Chair, Law and Legislation Committee",1,Action Committee,Action Committee,canonical,87.1,72.0
Councilmember Brian W. Jones,1,620 Jones,620 Jones,canonical,85.5,71.4
Councilmember Brian Brennan,1,Brennan Center,Brennan Center,canonical,85.5,66.7
Councilmember Ara Najarian,1,"Ann Kulchin, Carlsbad City Councilmember","Ann Kulchin, Carlsbad City Councilmember",canonical,85.5,66.7
Councilmember Adele Andrade Stadler,1,Artesia Councilmember,Artesia Councilmember,canonical,85.5,76.5
"Council Member Mikke Pierson, Malibu",1,Mikke Pierson - Malibu City Councilmember,Mikke Pierson - Malibu City Councilmember,canonical,87.3,85.7
"Council Member Caity Maple, Chair, Law and Legislation Committee",1,Action Committee,Action Committee,canonical,87.1,72.0
Costs would,1,Alameda-Contra Costs Medical Association,Alameda-Contra Costs Medical Association,canonical,85.5,62.5
Corbis Corpordation,1,COMMITTEE FOR A BETTER SEVILLE,CBS Corporation,alt(alternate_spelling),88.2,76.5
Consumer Advocate Harvey Rosenfeld,1,Consumer Advocates,Consumer Advocates,canonical,87.4,69.2
Constituent request,1,Asian and Pacific Islander Constituent Committee,Asian and Pacific Islander Constituent Committee,canonical,85.5,73.3
Constituent Sponsor,1,Asian and Pacific Islander Constituent Committee,Asian and Pacific Islander Constituent Committee,canonical,85.5,73.3
Community Mortuary,1,27y Rainbow Community Neighborhood Crime Prevention Council,27y Rainbow Community Neighborhood Crime Prevention Council,canonical,85.5,66.7
Committee staff has been advised that there are no objections by employers,1,10-20 Club,10-20 Life Committee,alt(alternate_spelling),85.5,62.1
Committee has issued commemorative stamps honoring other minority,1,10-20 Club,10-20 Life Committee,alt(alternate_spelling),85.5,62.1
Committee (Support as Proposed to Be Amended),1,10-20 Club,10-20 Life Committee,alt(alternate_spelling),85.5,62.1
"Commanding Officer Naval Air Weapons Station China Lake, Captain Jeffrey A",1,"Naval Air Weapons Station, China Lake","Naval Air Weapons Station, China Lake",canonical,87.6,76.7
College/Glen Neighborhood Association,1,Century Glen Neighborhood Association,Century Glen Neighborhood Association,canonical,86.5,83.8
"College, Retired",1,AARP (American Association of Retired Persons),AARP (American Association of Retired Persons),canonical,85.5,60.9
College Athletes Rights and Empowerment-Faculty Coalition co-founders,1,10 Freeway Coalition,10 Freeway Coalition,canonical,85.5,62.1
"Colleen Flynn, Attorney at Law",1,Attorneys at Law,Attorneys at Law,canonical,87.1,65.2
"Cobb, Karen",1,Alameda County Superintendent of Schools,Alameda County Superintendent of Schools L. Karen Monroe,alt(alternate_spelling),85.5,62.5
Coalition organizations specifically,1,Coalition of Organizations,Coalition of Organizations,canonical,89.2,77.4
Climate Institute Michael MacCracken,1,Pacific Institute,Pacific Institute,canonical,85.5,69.2
"Claudia Y. Shafer, Attorney at Law",1,Attorneys at Law,Attorneys at Law,canonical,87.1,60.0
Claire Jobe,1,Amelia Claire Shoes,Amelia Claire Shoes,canonical,85.5,70.6
City of Wes Sacramento Mayor Martha Guerro,1,City of West Sacramento,City of West Sacramento,canonical,88.0,87.8
City of San AB 289 (Cannella) Page b Diego,1,City of Sand,City of Sand,canonical,86.1,73.7
City of Radio,1,CITY OF ARCADIA,City of Arcadi,alt(alternate_spelling),88.9,81.5
City of Mariposa,1,County of Mariposa,County of Mariposa,canonical,88.2,88.2
City of Jack's Disposal & Recycling Service,1,Recycling Services,Recycling Services,canonical,87.4,66.7
City of Butte,1,City of Sutter Creek,City of Sutter,alt(alternate_spelling),88.9,88.9
City of Bob,1,City of Board of Supervisors,City of Board of Supervisors,canonical,85.7,77.8
City Councilmember Daryl Sweeney,1,City of City Council Member,City Council Member,alt(alternate_spelling),87.6,66.7
City Councilmember Christopher Ward,1,City of City Council Member,City Council Member,alt(alternate_spelling),87.6,63.0
Chumash strongly,1,Barbareno Chumash Elder's Council,Barbareno Chumash Elder's Council,canonical,85.5,60.9
"Christine McDavit, MD, Pasadena",1,Acura of Pasadena,Acura of Pasadena,canonical,85.5,64.0
"Christine Callahan, Attorney at Law",1,Attorneys at Law,Attorneys at Law,canonical,87.1,62.7
Chris Fey,1,Chris Bernal Tax Services,Chris Bernal Tax Services,canonical,85.5,71.4
"Chris Brinegar, SJSU Conservation Genetics Laboratory",1,40 Acre Conservation League,40 Acre Conservation League,canonical,85.5,61.5
Cheryl Sudduth,1,"California Reparations Task Force Members Dr. Cheryl Grills, Lisa Holder, and Don Tamaki","California Reparations Task Force Members Dr. Cheryl Grills, Lisa Holder, and Don Tamaki",canonical,85.5,60.0
"Charlie Reiter, Sacramento",1,Access Community Media,Access Sacramento,alt(chapter),85.5,74.1
"Charles Linden, Member, Special Forces Assn. Chapter 23 (San Francisco, CA)",1,"Francisco, (CA)","Francisco, (CA)",canonical,86.7,80.0
"Chapman Communications, Palmdale",1,3 Fold Communications,3 Fold Communications,canonical,85.5,67.9
"Center Municipal Water District, Vandenberg",1,Yuma Municipal Water District,Yuma Municipal Water District,canonical,86.0,72.2
Cathy Anderson,1,Adams and Anderson Insurance Brokers,Adams and Anderson Insurance Brokers,canonical,85.5,72.7
Catherine Crier,1,Catherine Rudat's Wellness Corporation,Catherine Rudat's Wellness Corporation,canonical,85.5,75.0
"Carmen Morales Board, Nurse Practitioner",1,Nurse Practitioners,Nurse Practitioners,canonical,87.6,61.0
"California may proclaim itself an 'Abortion Sanctuary,' however, California may not thwart the laws of other",1,California Mba,California Mba,canonical,86.7,83.3
"California Strategic Growth Council, October 27 2022 meeting: Action Item 7 staff",1,California Straw,California Straw,canonical,87.1,76.9
California Assessors Association to address a variety of issues of concern to the assessors,1,California Assessor's Association,California Assessor's Association,canonical,88.6,80.0
CalOHA,1,CalHFA,CalHFA,canonical,83.3,83.3
CalGEM,1,CalGeo,CalGeo,canonical,83.3,66.7
Cal-PERG,1,Cal PERS,Cal PERS,canonical,87.5,75.0
CSLA,1,CALIFORNIA STATEWIDE LAW ENFORCEMENT ASSOCIATION,CSLEA,alt(alternate_spelling),88.9,88.9
CODIS,1,CALIFORNIA DEPARTMENT OF INSURANCE,CDI,alt(alternate_spelling),75.0,75.0
CMDA,1,CALIFORNIA MILITARY DEPARTMENT,CMD,alt(alternate_spelling),85.7,85.7
CLTCOA,1,CALIFORNIA LANDSCAPE CONTRACTORS ASSOCIATION,CLCA,alt(alternate_spelling),80.0,80.0
CLTA,1,CALIFORNIA TEACHER'S ASSOCIATION,CTA,alt(alternate_spelling),85.7,85.7
CLCR,1,CALIFORNIA LEGISLATIVE COUNCIL FOR OLDER AMERICANS,CLC,alt(alternate_spelling),85.7,85.7
CHHSA,1,CALIFORNIA ASSOCIATION OF HOMES AND SERVICES FOR THE AGING,CAHSA,alt(alternate_spelling),80.0,80.0
CHBRP,1,CALIFORNIA HIGHWAY PATROL,CHP,alt(alternate_spelling),75.0,75.0
CDTFA,1,CALIFORNIA DEPARTMENT OF FOOD AND AGRICULTURE,CDFA,alt(alternate_spelling),88.9,88.9
CCUIH,1,CHRISTIAN CHURCH HOMES,CCH,alt(alternate_spelling),75.0,75.0
CCB,1,CONFERENCE OF CALIFORNIA BAR ASSOCIATIONS,CCBA,alt(alternate_spelling),85.7,85.7
CCASLA,1,CALCASA (California Coalition Against Sexual Assault),CACASA,alt(alternate_spelling),83.3,83.3
CA Psychological Assn,1,American Psychological Association,American Psychological Association,canonical,85.7,76.5
Brian Foster,1,A Greater Hope Foundation for Children,A Greater Hope Treatment Foster Center and Adoption Services,alt(alternate_spelling),85.5,66.7
Bonnie Tabor,1,Bonnie J. Adario Lung Cancer Foundation,Bonnie J. Adario Lung Cancer Foundation,canonical,85.5,66.7
"Bonnie Burns, Consumer Advocate",1,Consumer Advocates,Consumer Advocates,canonical,87.4,73.5
Bob Thomas,1,A.V. Thomas Produce,A.V. Thomas Produce,canonical,85.5,75.0
Board also,1,UNITE HERE!,"UNITE HERE, Western States Regional Joint Board",alt(chapter),85.5,66.7
"Blong Xiong, Councilmember",1,"Ann Kulchin, Carlsbad City Councilmember","Ann Kulchin, Carlsbad City Councilmember",canonical,85.5,66.7
Billy Crystal,1,Alliance to Rescue Crystal Cove,Alliance to Rescue Crystal Cove,canonical,85.5,70.0
Bill Hoy,1,Alliance Cindy And Bill Simon Technology Academy High School,Alliance Cindy And Bill Simon Technology Academy High School,canonical,85.5,66.7
Bill Horn,1,Alliance Cindy And Bill Simon Technology Academy High School,Alliance Cindy And Bill Simon Technology Academy High School,canonical,85.5,61.5
Bike Culture,1,Academy of Chinese Culture and Health Sciences,Academy of Chinese Culture and Health Sciences,canonical,85.5,73.7
Bert Anderson,1,Adams and Anderson Insurance Brokers,Adams and Anderson Insurance Brokers,canonical,85.5,76.2
"Beate Ritz, M.D., Ph.D. (Vice Chair, Department of Epidemiology & Professor of Epidemiology, Environmental Health Sciences and Neurology, Schools of Public Health and Medicine, UCLA)",1,School of Public Health,School of Public Health,canonical,86.1,82.1
"Beach Water Department, Natural Heritage",1,Cal Heritage,Cal Heritage,canonical,86.1,80.0
BFMC,1,FILIPINO MIGRANT CENTER,FMC,alt(alternate_spelling),85.7,85.7
BAWSCA,1,SENIOR CARE ACTION NETWORK,SCAN,alt(alternate_spelling),77.1,60.0
Author to revise the Professional Fiduciaries Act to provide for a retired license status,1,Professional Fiduciary,Professional Fiduciary,canonical,85.9,70.6
Attorney Timothy R,1,"A California Process & Attorney Service, Inc","A California Process & Attorney Service, Inc",canonical,85.5,61.5
Assurant Preneed,1,Assurant Solutions - Preneed Division,Assurant Solutions - Preneed Division,canonical,85.5,100.0
Associations (SCALE),1,Association (CALFA),Association (CALA),alt(alternate_spelling),88.9,89.5
"Association, Inc. Sacramento Area Fire Fighters, Local 522",1,Sacramento Area Firefighters,Sacramento Area Firefighters,canonical,86.8,69.8
Association of CA all,1,Association of Calif. (CADAAC),Association of Calif,alt(alternate_spelling),87.8,87.8
Association - Sponsor,1,California District Agricultural Association,California District Agricultural Association,canonical,85.5,68.8
Association (as amended),1,California District Agricultural Association,California District Agricultural Association,canonical,85.5,62.9
Association (COPA - sponsor),1,Association (CPCA),Association (COA),alt(alternate_spelling),87.1,78.6
Assemblymember Dave Jones,1,620 Jones,620 Jones,canonical,85.5,71.4
"Assembly Member Howard Wayne, Chair, Select Committee on",1,10-20 Club,10-20 Life Committee,alt(alternate_spelling),85.5,62.1
Assembly Appropriations Committee also,1,10-20 Club,10-20 Life Committee,alt(alternate_spelling),85.5,62.1
"Art Naldoza, Deputy Director, Sacramento",1,Access Community Media,Access Sacramento,alt(chapter),85.5,74.1
Arlington Mortuary,1,Arlington Avenue Church of the Nazarene,Arlington Avenue Church of the Nazarene,canonical,85.5,66.7
Appropriations Committee also,1,Senate Appropriations Committee,Senate Appropriations Committee,canonical,86.0,90.6
Apartment Assoc. of Administrators,1,APARTMENT ASSOCIATION,Apartment Assn,alt(alternate_spelling),86.7,78.3
Anti-Discrimination Committee Numerous individuals,1,Anti - Discrimination Committee,Anti - Discrimination Committee,canonical,87.0,69.1
"Anne Rudin, former Mayor of Sacramento",1,Access Community Media,Access Sacramento,alt(chapter),85.5,74.1
Amy Blood,1,African American Blood Drive and Bone Marrow Registry for Sickle,African American Blood Drive and Bone Marrow Registry for Sickle,canonical,85.5,71.4
Amos Temple Christian Methodist,1,Adobe Christian,Adobe Christian,canonical,85.5,75.0
Allen Chen,1,"Allen & Benedict, Inc","Allen & Benedict, Inc",canonical,85.5,66.7
All family leave,1,All Family Legal,All Family Legal,canonical,87.5,75.0
Alicia Bautista,1,Access Committee of the San Juan Bautista Rotary,Access Committee of the San Juan Bautista Rotary,canonical,85.5,69.6
"Ali Hasan, President, Parchester Village Neighborhood Council",1,Lake Neighborhood Council,Lake Neighborhood Council,canonical,86.4,88.9
Alchemical Hypnotherapy Institute of Sacramento,1,Access Community Media,Access Sacramento,alt(chapter),85.5,74.1
Albertsons (8/18/93),1,Albertson's,Albertson's,canonical,85.7,64.5
Albert Aubin,1,Albert Association Management (Property Manager),Albert Association Management (Property Manager),canonical,85.5,66.7
Alan Uke,1,Alan & Annette Leve Family Foundation,Alan & Annette Leve Family Foundation,canonical,85.5,66.7
"Ahmad Zahra, Councilmember",1,"Ann Kulchin, Carlsbad City Councilmember","Ann Kulchin, Carlsbad City Councilmember",canonical,85.5,66.7
"Agency, Municipal Water District of Orange",1,City of Municipal Water District of Orange County,City of Municipal Water District of Orange County,canonical,86.1,89.5
"After 2017-18, estimates of the QAF rate provided by the 911 Ambulance Provider's Medi-Cal Alliance",1,911 Ambulance Provider Medi-Cal Alliance,911 Ambulance Provider's Medical Alliance,alt(alternate_spelling),87.8,89.2
"Aarshdeep Kahlon, Chair, San José Bicycle and Pedestrian Advisory Committee",1,San Bruno Bicycle and Pedestrian Advisory Committee,San Bruno Bicycle and Pedestrian Advisory Committee,canonical,89.1,93.8
"Aaron Myers, Attorney at Law",1,Attorneys at Law,Attorneys at Law,canonical,87.1,72.7
ASMR,1,AMERICAN MEDICAL RESPONSE,AMR,alt(alternate_spelling),85.7,85.7
ARGUMENTS IN Supporters,1,2018 PyeongChang Winter Olympics Supporters Association of Korean-American (USA),2018 PyeongChang Winter Olympics Supporters Association of Korean-American (USA),canonical,85.5,60.6
AJR 65,1,Post AJR 14 (Hannigan) 7636,Post AJR 14 (Hannigan) 7636,canonical,85.5,66.7
ACILC,1,ASSOCIATION OF CALIFORNIA INSURANCE COMPANIES,ACIC,alt(alternate_spelling),88.9,88.9
AB and Agriculture,1,Food and Agriculture,Food and Agriculture,canonical,86.4,90.9
AB Trans2 Corporation,1,Trans2 Corporation - California,Trans2 Corporation - California,canonical,87.7,92.3
AB 3033 (A. Judiciary Committee),1,Committee on Judiciary,Committee on Judiciary,canonical,88.0,70.4
961 Individual Letters,1,Advancement Via Individual Determination,Advancement Via Individual Determination,canonical,85.5,62.5
8 individual supporters,1,Sacramento Alliance for the Mentally Ill,Sacramento Alliance for the Mentally Ill (One individual supporter),alt(chapter),85.9,60.6
75 Individual RDos,1,Advancement Via Individual Determination,Advancement Via Individual Determination,canonical,85.5,71.4
74 Animal Welfare Organizations,1,Meru Animal Welfare Organization,Meru Animal Welfare Organization,canonical,88.9,88.9
71 letters from individuals,1,Alandale Insurance Agency (Two letters from Independent Agents),Alandale Insurance Agency (Two letters from Independent Agents),canonical,85.5,61.5
63 letters from individuals,1,Alandale Insurance Agency (Two letters from Independent Agents),Alandale Insurance Agency (Two letters from Independent Agents),canonical,85.5,61.5
61 letters from individuals,1,Alandale Insurance Agency (Two letters from Independent Agents),Alandale Insurance Agency (Two letters from Independent Agents),canonical,85.5,61.5
61 Individual Letters,1,Advancement Via Individual Determination,Advancement Via Individual Determination,canonical,85.5,64.5
559 Individual Letters,1,Advancement Via Individual Determination,Advancement Via Individual Determination,canonical,85.5,62.5
52 letters from individuals,1,Alandale Insurance Agency (Two letters from Independent Agents),Alandale Insurance Agency (Two letters from Independent Agents),canonical,85.5,61.5
52 individual letters,1,"Wheel, Sonora Chapter (28 individual letters)","Wheel, Sonora Chapter (28 individual letters)",canonical,85.7,64.5
4th Avenue Homeowners' Association (FAHA),1,Homeowners Association,"Homeowners Association, Inc",alt(alternate_spelling),87.1,64.7
49th Assembly District Committee Democratic Party,1,11th Democratic Assembly District Committee,11th Democratic Assembly District Committee,canonical,89.1,93.8
48 letters from individuals,1,Alandale Insurance Agency (Two letters from Independent Agents),Alandale Insurance Agency (Two letters from Independent Agents),canonical,85.5,61.5
48 individual letters,1,"Wheel, Sonora Chapter (28 individual letters)","Wheel, Sonora Chapter (28 individual letters)",canonical,87.8,64.5
47 individual letters,1,"Wheel, Sonora Chapter (37 individual letters)","Wheel, Sonora Chapter (37 individual letters)",canonical,87.8,64.5
44 Individual Letters,1,Advancement Via Individual Determination,Advancement Via Individual Determination,canonical,85.5,64.5
41 animal welfare organizations,1,Meru Animal Welfare Organization,Meru Animal Welfare Organization,canonical,88.9,76.2
4 school nurses,1,CALIFORNIA SCHOOL NURSES ORGANIZATION,California School Nurses,alt(alternate_spelling),86.9,61.5
4 physicians,1,Family Physicians,Family Physicians,canonical,86.4,69.0
4 individual letters,1,"Wheel, Sonora Chapter (28 individual letters)","Wheel, Sonora Chapter (28 individual letters)",canonical,87.7,66.7
4 Pathologists,1,American Society of Clinical Pathologists,American Society of Clinical Pathologists,canonical,86.7,92.3
38 letters from individuals,1,Alandale Insurance Agency (Two letters from Independent Agents),Alandale Insurance Agency (Two letters from Independent Agents),canonical,85.5,61.5
36 letters from individuals,1,Alandale Insurance Agency (Two letters from Independent Agents),Alandale Insurance Agency (Two letters from Independent Agents),canonical,85.5,61.5
36 letters,1,Alandale Insurance Agency (Two letters from Independent Agents),Alandale Insurance Agency (Two letters from Independent Agents),canonical,85.5,82.4
36 individual Letters,1,"Wheel, Sonora Chapter (37 individual letters)","Wheel, Sonora Chapter (37 individual letters)",canonical,85.7,64.5
34 individual letters,1,"Wheel, Sonora Chapter (37 individual letters)","Wheel, Sonora Chapter (37 individual letters)",canonical,85.7,64.5
"27th Assembly District Committee, Democratic Party",1,11th Democratic Assembly District Committee,11th Democratic Assembly District Committee,canonical,89.1,88.2
27 Scientists,1,500 Women Scientists,500 Women Scientists,canonical,85.5,87.0
26 Residents of EHDOC John Plaza Apartments,1,Residents of EHDOC John Plaza Apts,Residents of EHDOC John Plaza Apts,canonical,88.3,92.1
25 letters from constituents,1,Alandale Insurance Agency (Two letters from Independent Agents),Alandale Insurance Agency (Two letters from Independent Agents),canonical,85.5,60.0
25 Physicians,1,Academy of Eye Physicians and Surgeons,Academy of Eye Physicians and Surgeons,canonical,85.5,87.0
25 Constituent letters,1,One Constituent Letter,One Constituent Letter,canonical,86.4,77.3
25 Constituent Letters,1,One Constituent Letter,One Constituent Letter,canonical,86.4,81.8
23 individual letters,1,"Wheel, Sonora Chapter (28 individual letters)","Wheel, Sonora Chapter (28 individual letters)",canonical,85.7,64.5
23 academic professionals,1,Academic Professionals of California,Academic Professionals of California,canonical,88.9,65.6
22 individual school administrators,1,ASSOCIATION OF CALIFORNIA SCHOOL ADMINISTRATORS,CA School Administrators,alt(alternate_spelling),88.7,67.8
210 letters from individuals,1,Alandale Insurance Agency (Two letters from Independent Agents),Alandale Insurance Agency (Two letters from Independent Agents),canonical,85.5,60.0
2009: Jack O'Connell,1,"Jack O'Connell, St","Jack O'Connell, St",canonical,85.8,73.7
2 physicians,1,Family Physicians,Family Physicians,canonical,86.4,69.0
195 Individual Letters,1,Advancement Via Individual Determination,Advancement Via Individual Determination,canonical,85.5,62.5
19 letters from individuals,1,Alandale Insurance Agency (Two letters from Independent Agents),Alandale Insurance Agency (Two letters from Independent Agents),canonical,85.5,61.5
180 individual letters,1,"Wheel, Sonora Chapter (28 individual letters)","Wheel, Sonora Chapter (28 individual letters)",canonical,85.7,62.5
18 individual letters,1,"Wheel, Sonora Chapter (28 individual letters)","Wheel, Sonora Chapter (28 individual letters)",canonical,87.8,64.5
17 individual letters,1,"Wheel, Sonora Chapter (37 individual letters)","Wheel, Sonora Chapter (37 individual letters)",canonical,87.8,64.5
165 letters from individuals,1,Alandale Insurance Agency (Two letters from Independent Agents),Alandale Insurance Agency (Two letters from Independent Agents),canonical,85.5,60.0
156 letters from individuals,1,Alandale Insurance Agency (Two letters from Independent Agents),Alandale Insurance Agency (Two letters from Independent Agents),canonical,85.5,60.0
154 letters from individuals,1,Alandale Insurance Agency (Two letters from Independent Agents),Alandale Insurance Agency (Two letters from Independent Agents),canonical,85.5,60.0
15 Individual CPAs,1,Advancement Via Individual Determination,Advancement Via Individual Determination,canonical,85.5,71.4
147 letters from individuals,1,Alandale Insurance Agency (Two letters from Independent Agents),Alandale Insurance Agency (Two letters from Independent Agents),canonical,85.5,60.0
13 Individual attorneys,1,Over 75 Individual Attorneys,Over 75 Individual Attorneys,canonical,88.4,78.4
13 Individual Attorneys,1,Over 75 Individual Attorneys,Over 75 Individual Attorneys,canonical,88.4,93.0
109 letters from individuals,1,Alandale Insurance Agency (Two letters from Independent Agents),Alandale Insurance Agency (Two letters from Independent Agents),canonical,85.5,60.0
(per Senate Transportation,1,S & S Transportation,S & S Transportation,canonical,88.7,87.5
(end) Association,1,Feed Association,Feed Association,canonical,87.5,84.8
"(Solis) Caplan, Founder and Chairman of Frieda's",1,Frieda's Specialty Produce,"Frieda Rapoport Caplan, Founder and Chairman of Frieda's",alt(alternate_spelling),88.2,90.9
(Simitian) Association,1,California District Agricultural Association,California District Agricultural Association,canonical,85.5,66.7
(Per Transportation Committee analysis),1,10-20 Club,10-20 Life Committee,alt(alternate_spelling),85.5,62.1
(Per Sen. EU&C Committee analysis),1,10-20 Club,10-20 Life Committee,alt(alternate_spelling),85.5,62.1
(Per Assembly Revenue & Taxation Committee,1,Action Committee,Action Committee,canonical,87.1,72.0
(Per Assembly Committee,1,11th Democratic Assembly District Committee,11th Democratic Assembly District Committee,canonical,85.5,87.8
(Per Assembly B&P Committee,1,11th Democratic Assembly District Committee,11th Democratic Assembly District Committee,canonical,85.5,80.0
(Pavley) Association,1,Palsy Associations,Palsy Association,alt(alternate_spelling),88.9,86.5
(Nation) Project,1,Action Project,Action Project,canonical,89.7,80.0
(Leno) Association,1,California District Agricultural Association,California District Agricultural Association,canonical,85.5,75.9
(Laird) Project,1,California Budget Project,California Budget Project,canonical,85.5,63.6
(Cedillo) Association,1,California District Agricultural Association,California District Agricultural Association,canonical,85.5,68.8
(As of Assembly Policy Committee analysis),1,10-20 Club,10-20 Life Committee,alt(alternate_spelling),85.5,62.1
